2025-12-18T15:42:51.655-05:00  INFO 2340 --- [JPA-Demo] [restartedMain] org.example.jpademo.JpaDemoApplication   : Starting JpaDemoApplication using Java 25 with PID 2340 (C:\Users\murta\Dropbox\PC\Downloads\College Course Books & Materials\Java\JPA-Demo\target\classes started by murta in C:\Users\murta\Dropbox\PC\Downloads\College Course Books & Materials\Java\JPA-Demo)
2025-12-18T15:42:51.661-05:00  INFO 2340 --- [JPA-Demo] [restartedMain] org.example.jpademo.JpaDemoApplication   : No active profile set, falling back to 1 default profile: "default"
2025-12-18T15:42:51.717-05:00  INFO 2340 --- [JPA-Demo] [restartedMain] .e.DevToolsPropertyDefaultsPostProcessor : Devtools property defaults active! Set 'spring.devtools.add-properties' to 'false' to disable
2025-12-18T15:42:51.717-05:00  INFO 2340 --- [JPA-Demo] [restartedMain] .e.DevToolsPropertyDefaultsPostProcessor : For additional web related logging consider setting the 'logging.level.web' property to 'DEBUG'
2025-12-18T15:42:53.174-05:00  INFO 2340 --- [JPA-Demo] [restartedMain] .s.d.r.c.RepositoryConfigurationDelegate : Bootstrapping Spring Data JPA repositories in DEFAULT mode.
2025-12-18T15:42:53.242-05:00  INFO 2340 --- [JPA-Demo] [restartedMain] .s.d.r.c.RepositoryConfigurationDelegate : Finished Spring Data repository scanning in 58 ms. Found 2 JPA repository interfaces.
2025-12-18T15:42:53.932-05:00  INFO 2340 --- [JPA-Demo] [restartedMain] o.s.b.w.embedded.tomcat.TomcatWebServer  : Tomcat initialized with port 8080 (http)
2025-12-18T15:42:53.949-05:00  INFO 2340 --- [JPA-Demo] [restartedMain] o.apache.catalina.core.StandardService   : Starting service [Tomcat]
2025-12-18T15:42:53.949-05:00  INFO 2340 --- [JPA-Demo] [restartedMain] o.apache.catalina.core.StandardEngine    : Starting Servlet engine: [Apache Tomcat/10.1.46]
2025-12-18T15:42:54.003-05:00  INFO 2340 --- [JPA-Demo] [restartedMain] o.a.c.c.C.[Tomcat].[localhost].[/]       : Initializing Spring embedded WebApplicationContext
2025-12-18T15:42:54.004-05:00  INFO 2340 --- [JPA-Demo] [restartedMain] w.s.c.ServletWebServerApplicationContext : Root WebApplicationContext: initialization completed in 2286 ms
2025-12-18T15:42:54.199-05:00  INFO 2340 --- [JPA-Demo] [restartedMain] o.hibernate.jpa.internal.util.LogHelper  : HHH000204: Processing PersistenceUnitInfo [name: default]
2025-12-18T15:42:54.266-05:00  INFO 2340 --- [JPA-Demo] [restartedMain] org.hibernate.Version                    : HHH000412: Hibernate ORM core version 6.6.29.Final
2025-12-18T15:42:54.314-05:00  INFO 2340 --- [JPA-Demo] [restartedMain] o.h.c.internal.RegionFactoryInitiator    : HHH000026: Second-level cache disabled
2025-12-18T15:42:54.644-05:00  INFO 2340 --- [JPA-Demo] [restartedMain] o.s.o.j.p.SpringPersistenceUnitInfo      : No LoadTimeWeaver setup: ignoring JPA class transformer
2025-12-18T15:42:54.684-05:00  INFO 2340 --- [JPA-Demo] [restartedMain] com.zaxxer.hikari.HikariDataSource       : HikariPool-1 - Starting...
2025-12-18T15:42:55.213-05:00  INFO 2340 --- [JPA-Demo] [restartedMain] com.zaxxer.hikari.pool.HikariPool        : HikariPool-1 - Added connection com.mysql.cj.jdbc.ConnectionImpl@27afaf21
2025-12-18T15:42:55.215-05:00  INFO 2340 --- [JPA-Demo] [restartedMain] com.zaxxer.hikari.HikariDataSource       : HikariPool-1 - Start completed.
2025-12-18T15:42:55.345-05:00  INFO 2340 --- [JPA-Demo] [restartedMain] org.hibernate.orm.connections.pooling    : HHH10001005: Database info:
	Database JDBC URL [Connecting through datasource 'HikariDataSource (HikariPool-1)']
	Database driver: undefined/unknown
	Database version: 8.0.34
	Autocommit mode: undefined/unknown
	Isolation level: undefined/unknown
	Minimum pool size: undefined/unknown
	Maximum pool size: undefined/unknown
2025-12-18T15:42:56.409-05:00  INFO 2340 --- [JPA-Demo] [restartedMain] o.h.e.t.j.p.i.JtaPlatformInitiator       : HHH000489: No JTA platform available (set 'hibernate.transaction.jta.platform' to enable JTA platform integration)
2025-12-18T15:42:56.573-05:00  INFO 2340 --- [JPA-Demo] [restartedMain] j.LocalContainerEntityManagerFactoryBean : Initialized JPA EntityManagerFactory for persistence unit 'default'
2025-12-18T15:42:57.094-05:00  WARN 2340 --- [JPA-Demo] [restartedMain] JpaBaseConfiguration$JpaWebConfiguration : spring.jpa.open-in-view is enabled by default. Therefore, database queries may be performed during view rendering. Explicitly configure spring.jpa.open-in-view to disable this warning
2025-12-18T15:42:57.374-05:00  WARN 2340 --- [JPA-Demo] [restartedMain] .s.s.UserDetailsServiceAutoConfiguration : 

Using generated security password: 6592a078-25dd-4cd5-97a4-57367305a30d

This generated password is for development use only. Your security configuration must be updated before running your application in production.

2025-12-18T15:42:57.382-05:00  INFO 2340 --- [JPA-Demo] [restartedMain] r$InitializeUserDetailsManagerConfigurer : Global AuthenticationManager configured with UserDetailsService bean with name inMemoryUserDetailsManager
2025-12-18T15:42:57.835-05:00  INFO 2340 --- [JPA-Demo] [restartedMain] o.s.b.a.h2.H2ConsoleAutoConfiguration    : H2 console available at '/h2-console'. Database available at 'jdbc:mysql://localhost:3306/pokemon'
2025-12-18T15:42:57.900-05:00  INFO 2340 --- [JPA-Demo] [restartedMain] o.s.b.d.a.OptionalLiveReloadServer       : LiveReload server is running on port 35729
2025-12-18T15:42:57.932-05:00  INFO 2340 --- [JPA-Demo] [restartedMain] o.s.b.w.embedded.tomcat.TomcatWebServer  : Tomcat started on port 8080 (http) with context path '/'
2025-12-18T15:42:57.940-05:00  INFO 2340 --- [JPA-Demo] [restartedMain] org.example.jpademo.JpaDemoApplication   : Started JpaDemoApplication in 6.871 seconds (process running for 7.742)
2025-12-18T15:43:26.660-05:00  INFO 2340 --- [JPA-Demo] [File Watcher] rtingClassPathChangeChangedEventListener : Restarting due to 35 class path changes (0 additions, 35 deletions, 0 modifications)
2025-12-18T15:43:26.670-05:00  INFO 2340 --- [JPA-Demo] [Thread-5] o.s.b.w.e.tomcat.GracefulShutdown        : Commencing graceful shutdown. Waiting for active requests to complete
2025-12-18T15:43:26.682-05:00  INFO 2340 --- [JPA-Demo] [tomcat-shutdown] o.s.b.w.e.tomcat.GracefulShutdown        : Graceful shutdown complete
2025-12-18T15:43:26.690-05:00  INFO 2340 --- [JPA-Demo] [Thread-5] j.LocalContainerEntityManagerFactoryBean : Closing JPA EntityManagerFactory for persistence unit 'default'
2025-12-18T15:43:26.697-05:00  INFO 2340 --- [JPA-Demo] [Thread-5] com.zaxxer.hikari.HikariDataSource       : HikariPool-1 - Shutdown initiated...
2025-12-18T15:43:26.714-05:00  INFO 2340 --- [JPA-Demo] [Thread-5] com.zaxxer.hikari.HikariDataSource       : HikariPool-1 - Shutdown completed.
2025-12-18T15:43:26.894-05:00  INFO 2340 --- [JPA-Demo] [restartedMain] org.example.jpademo.JpaDemoApplication   : Starting JpaDemoApplication using Java 25 with PID 2340 (C:\Users\murta\Dropbox\PC\Downloads\College Course Books & Materials\Java\JPA-Demo\target\classes started by murta in C:\Users\murta\Dropbox\PC\Downloads\College Course Books & Materials\Java\JPA-Demo)
2025-12-18T15:43:26.896-05:00  INFO 2340 --- [JPA-Demo] [restartedMain] org.example.jpademo.JpaDemoApplication   : No active profile set, falling back to 1 default profile: "default"
2025-12-18T15:43:27.385-05:00  INFO 2340 --- [JPA-Demo] [restartedMain] .s.d.r.c.RepositoryConfigurationDelegate : Bootstrapping Spring Data JPA repositories in DEFAULT mode.
2025-12-18T15:43:27.394-05:00  INFO 2340 --- [JPA-Demo] [restartedMain] .s.d.r.c.RepositoryConfigurationDelegate : Finished Spring Data repository scanning in 2 ms. Found 0 JPA repository interfaces.
2025-12-18T15:43:27.625-05:00  INFO 2340 --- [JPA-Demo] [restartedMain] o.s.b.w.embedded.tomcat.TomcatWebServer  : Tomcat initialized with port 8080 (http)
2025-12-18T15:43:27.628-05:00  INFO 2340 --- [JPA-Demo] [restartedMain] o.apache.catalina.core.StandardService   : Starting service [Tomcat]
2025-12-18T15:43:27.628-05:00  INFO 2340 --- [JPA-Demo] [restartedMain] o.apache.catalina.core.StandardEngine    : Starting Servlet engine: [Apache Tomcat/10.1.46]
2025-12-18T15:43:27.684-05:00  INFO 2340 --- [JPA-Demo] [restartedMain] o.a.c.c.C.[Tomcat].[localhost].[/]       : Initializing Spring embedded WebApplicationContext
2025-12-18T15:43:27.684-05:00  INFO 2340 --- [JPA-Demo] [restartedMain] w.s.c.ServletWebServerApplicationContext : Root WebApplicationContext: initialization completed in 784 ms
2025-12-18T15:43:27.744-05:00  INFO 2340 --- [JPA-Demo] [restartedMain] o.hibernate.jpa.internal.util.LogHelper  : HHH000204: Processing PersistenceUnitInfo [name: default]
2025-12-18T15:43:27.750-05:00  INFO 2340 --- [JPA-Demo] [restartedMain] o.h.c.internal.RegionFactoryInitiator    : HHH000026: Second-level cache disabled
2025-12-18T15:43:27.768-05:00  INFO 2340 --- [JPA-Demo] [restartedMain] o.s.o.j.p.SpringPersistenceUnitInfo      : No LoadTimeWeaver setup: ignoring JPA class transformer
2025-12-18T15:43:27.771-05:00  INFO 2340 --- [JPA-Demo] [restartedMain] com.zaxxer.hikari.HikariDataSource       : HikariPool-2 - Starting...
2025-12-18T15:43:27.822-05:00  INFO 2340 --- [JPA-Demo] [restartedMain] com.zaxxer.hikari.pool.HikariPool        : HikariPool-2 - Added connection com.mysql.cj.jdbc.ConnectionImpl@5044fbef
2025-12-18T15:43:27.823-05:00  INFO 2340 --- [JPA-Demo] [restartedMain] com.zaxxer.hikari.HikariDataSource       : HikariPool-2 - Start completed.
2025-12-18T15:43:27.826-05:00  INFO 2340 --- [JPA-Demo] [restartedMain] org.hibernate.orm.connections.pooling    : HHH10001005: Database info:
	Database JDBC URL [Connecting through datasource 'HikariDataSource (HikariPool-2)']
	Database driver: undefined/unknown
	Database version: 8.0.34
	Autocommit mode: undefined/unknown
	Isolation level: undefined/unknown
	Minimum pool size: undefined/unknown
	Maximum pool size: undefined/unknown
2025-12-18T15:43:27.871-05:00  INFO 2340 --- [JPA-Demo] [restartedMain] o.h.e.t.j.p.i.JtaPlatformInitiator       : HHH000489: No JTA platform available (set 'hibernate.transaction.jta.platform' to enable JTA platform integration)
2025-12-18T15:43:27.872-05:00  INFO 2340 --- [JPA-Demo] [restartedMain] j.LocalContainerEntityManagerFactoryBean : Initialized JPA EntityManagerFactory for persistence unit 'default'
2025-12-18T15:43:27.931-05:00  WARN 2340 --- [JPA-Demo] [restartedMain] JpaBaseConfiguration$JpaWebConfiguration : spring.jpa.open-in-view is enabled by default. Therefore, database queries may be performed during view rendering. Explicitly configure spring.jpa.open-in-view to disable this warning
2025-12-18T15:43:28.143-05:00  INFO 2340 --- [JPA-Demo] [restartedMain] o.s.b.a.h2.H2ConsoleAutoConfiguration    : H2 console available at '/h2-console'. Database available at 'jdbc:mysql://localhost:3306/pokemon'
2025-12-18T15:43:28.183-05:00  WARN 2340 --- [JPA-Demo] [restartedMain] .s.s.UserDetailsServiceAutoConfiguration : 

Using generated security password: 6bf8478b-7eef-410a-8794-40bcd37b1cc7

This generated password is for development use only. Your security configuration must be updated before running your application in production.

2025-12-18T15:43:28.184-05:00  INFO 2340 --- [JPA-Demo] [restartedMain] r$InitializeUserDetailsManagerConfigurer : Global AuthenticationManager configured with UserDetailsService bean with name inMemoryUserDetailsManager
2025-12-18T15:43:28.237-05:00  INFO 2340 --- [JPA-Demo] [restartedMain] o.s.b.d.a.OptionalLiveReloadServer       : LiveReload server is running on port 35729
2025-12-18T15:43:28.258-05:00  INFO 2340 --- [JPA-Demo] [restartedMain] o.s.b.w.embedded.tomcat.TomcatWebServer  : Tomcat started on port 8080 (http) with context path '/'
2025-12-18T15:43:28.264-05:00  INFO 2340 --- [JPA-Demo] [restartedMain] org.example.jpademo.JpaDemoApplication   : Started JpaDemoApplication in 1.427 seconds (process running for 38.066)
2025-12-18T15:43:28.270-05:00  INFO 2340 --- [JPA-Demo] [restartedMain] .ConditionEvaluationDeltaLoggingListener : Condition evaluation delta:


==========================
CONDITION EVALUATION DELTA
==========================


Positive matches:
-----------------

   SpringBootWebSecurityConfiguration.SecurityFilterChainConfiguration matched:
      - AllNestedConditions 2 matched 0 did not; NestedCondition on DefaultWebSecurityCondition.Beans @ConditionalOnMissingBean (types: org.springframework.security.web.SecurityFilterChain; SearchStrategy: all) did not find any beans; NestedCondition on DefaultWebSecurityCondition.Classes @ConditionalOnClass found required classes 'org.springframework.security.web.SecurityFilterChain', 'org.springframework.security.config.annotation.web.builders.HttpSecurity' (DefaultWebSecurityCondition)

   SpringBootWebSecurityConfiguration.WebSecurityEnablerConfiguration matched:
      - @ConditionalOnClass found required class 'org.springframework.security.config.annotation.web.configuration.EnableWebSecurity' (OnClassCondition)
      - @ConditionalOnMissingBean (names: springSecurityFilterChain; SearchStrategy: all) did not find any beans (OnBeanCondition)


Negative matches:
-----------------

    None


Exclusions:
-----------

    None


Unconditional classes:
----------------------

    None



2025-12-18T15:43:29.664-05:00  INFO 2340 --- [JPA-Demo] [File Watcher] rtingClassPathChangeChangedEventListener : Restarting due to 9 class path changes (9 additions, 0 deletions, 0 modifications)
2025-12-18T15:43:29.666-05:00  INFO 2340 --- [JPA-Demo] [Thread-7] o.s.b.w.e.tomcat.GracefulShutdown        : Commencing graceful shutdown. Waiting for active requests to complete
2025-12-18T15:43:29.677-05:00  INFO 2340 --- [JPA-Demo] [tomcat-shutdown] o.s.b.w.e.tomcat.GracefulShutdown        : Graceful shutdown complete
2025-12-18T15:43:29.680-05:00  INFO 2340 --- [JPA-Demo] [Thread-7] j.LocalContainerEntityManagerFactoryBean : Closing JPA EntityManagerFactory for persistence unit 'default'
2025-12-18T15:43:29.682-05:00  INFO 2340 --- [JPA-Demo] [Thread-7] com.zaxxer.hikari.HikariDataSource       : HikariPool-2 - Shutdown initiated...
2025-12-18T15:43:29.693-05:00  INFO 2340 --- [JPA-Demo] [Thread-7] com.zaxxer.hikari.HikariDataSource       : HikariPool-2 - Shutdown completed.
2025-12-18T15:43:29.829-05:00  INFO 2340 --- [JPA-Demo] [restartedMain] org.example.jpademo.JpaDemoApplication   : Starting JpaDemoApplication using Java 25 with PID 2340 (C:\Users\murta\Dropbox\PC\Downloads\College Course Books & Materials\Java\JPA-Demo\target\classes started by murta in C:\Users\murta\Dropbox\PC\Downloads\College Course Books & Materials\Java\JPA-Demo)
2025-12-18T15:43:29.829-05:00  INFO 2340 --- [JPA-Demo] [restartedMain] org.example.jpademo.JpaDemoApplication   : No active profile set, falling back to 1 default profile: "default"
2025-12-18T15:43:30.237-05:00  INFO 2340 --- [JPA-Demo] [restartedMain] .s.d.r.c.RepositoryConfigurationDelegate : Bootstrapping Spring Data JPA repositories in DEFAULT mode.
2025-12-18T15:43:30.239-05:00  INFO 2340 --- [JPA-Demo] [restartedMain] .s.d.r.c.RepositoryConfigurationDelegate : Finished Spring Data repository scanning in 0 ms. Found 0 JPA repository interfaces.
2025-12-18T15:43:30.392-05:00  INFO 2340 --- [JPA-Demo] [restartedMain] o.s.b.w.embedded.tomcat.TomcatWebServer  : Tomcat initialized with port 8080 (http)
2025-12-18T15:43:30.394-05:00  INFO 2340 --- [JPA-Demo] [restartedMain] o.apache.catalina.core.StandardService   : Starting service [Tomcat]
2025-12-18T15:43:30.394-05:00  INFO 2340 --- [JPA-Demo] [restartedMain] o.apache.catalina.core.StandardEngine    : Starting Servlet engine: [Apache Tomcat/10.1.46]
2025-12-18T15:43:30.444-05:00  INFO 2340 --- [JPA-Demo] [restartedMain] o.a.c.c.C.[Tomcat].[localhost].[/]       : Initializing Spring embedded WebApplicationContext
2025-12-18T15:43:30.444-05:00  INFO 2340 --- [JPA-Demo] [restartedMain] w.s.c.ServletWebServerApplicationContext : Root WebApplicationContext: initialization completed in 612 ms
2025-12-18T15:43:30.499-05:00  INFO 2340 --- [JPA-Demo] [restartedMain] o.hibernate.jpa.internal.util.LogHelper  : HHH000204: Processing PersistenceUnitInfo [name: default]
2025-12-18T15:43:30.505-05:00  INFO 2340 --- [JPA-Demo] [restartedMain] o.h.c.internal.RegionFactoryInitiator    : HHH000026: Second-level cache disabled
2025-12-18T15:43:30.521-05:00  INFO 2340 --- [JPA-Demo] [restartedMain] o.s.o.j.p.SpringPersistenceUnitInfo      : No LoadTimeWeaver setup: ignoring JPA class transformer
2025-12-18T15:43:30.522-05:00  INFO 2340 --- [JPA-Demo] [restartedMain] com.zaxxer.hikari.HikariDataSource       : HikariPool-3 - Starting...
2025-12-18T15:43:30.549-05:00  INFO 2340 --- [JPA-Demo] [restartedMain] com.zaxxer.hikari.pool.HikariPool        : HikariPool-3 - Added connection com.mysql.cj.jdbc.ConnectionImpl@5b4aa468
2025-12-18T15:43:30.550-05:00  INFO 2340 --- [JPA-Demo] [restartedMain] com.zaxxer.hikari.HikariDataSource       : HikariPool-3 - Start completed.
2025-12-18T15:43:30.553-05:00  INFO 2340 --- [JPA-Demo] [restartedMain] org.hibernate.orm.connections.pooling    : HHH10001005: Database info:
	Database JDBC URL [Connecting through datasource 'HikariDataSource (HikariPool-3)']
	Database driver: undefined/unknown
	Database version: 8.0.34
	Autocommit mode: undefined/unknown
	Isolation level: undefined/unknown
	Minimum pool size: undefined/unknown
	Maximum pool size: undefined/unknown
2025-12-18T15:43:30.584-05:00  INFO 2340 --- [JPA-Demo] [restartedMain] o.h.e.t.j.p.i.JtaPlatformInitiator       : HHH000489: No JTA platform available (set 'hibernate.transaction.jta.platform' to enable JTA platform integration)
2025-12-18T15:43:30.584-05:00  INFO 2340 --- [JPA-Demo] [restartedMain] j.LocalContainerEntityManagerFactoryBean : Initialized JPA EntityManagerFactory for persistence unit 'default'
2025-12-18T15:43:30.642-05:00  WARN 2340 --- [JPA-Demo] [restartedMain] JpaBaseConfiguration$JpaWebConfiguration : spring.jpa.open-in-view is enabled by default. Therefore, database queries may be performed during view rendering. Explicitly configure spring.jpa.open-in-view to disable this warning
2025-12-18T15:43:30.818-05:00  INFO 2340 --- [JPA-Demo] [restartedMain] o.s.b.a.h2.H2ConsoleAutoConfiguration    : H2 console available at '/h2-console'. Database available at 'jdbc:mysql://localhost:3306/pokemon'
2025-12-18T15:43:30.849-05:00  WARN 2340 --- [JPA-Demo] [restartedMain] .s.s.UserDetailsServiceAutoConfiguration : 

Using generated security password: 9ae24222-8330-4365-ab00-e822f4a085d3

This generated password is for development use only. Your security configuration must be updated before running your application in production.

2025-12-18T15:43:30.850-05:00  INFO 2340 --- [JPA-Demo] [restartedMain] r$InitializeUserDetailsManagerConfigurer : Global AuthenticationManager configured with UserDetailsService bean with name inMemoryUserDetailsManager
2025-12-18T15:43:30.888-05:00  INFO 2340 --- [JPA-Demo] [restartedMain] o.s.b.d.a.OptionalLiveReloadServer       : LiveReload server is running on port 35729
2025-12-18T15:43:30.907-05:00  INFO 2340 --- [JPA-Demo] [restartedMain] o.s.b.w.embedded.tomcat.TomcatWebServer  : Tomcat started on port 8080 (http) with context path '/'
2025-12-18T15:43:30.913-05:00  INFO 2340 --- [JPA-Demo] [restartedMain] org.example.jpademo.JpaDemoApplication   : Started JpaDemoApplication in 1.13 seconds (process running for 40.716)
2025-12-18T15:43:30.914-05:00  INFO 2340 --- [JPA-Demo] [restartedMain] .ConditionEvaluationDeltaLoggingListener : Condition evaluation unchanged
2025-12-18T15:43:31.484-05:00  INFO 2340 --- [JPA-Demo] [tomcat-handler-0] o.a.c.c.C.[Tomcat].[localhost].[/]       : Initializing Spring DispatcherServlet 'dispatcherServlet'
2025-12-18T15:43:31.486-05:00  INFO 2340 --- [JPA-Demo] [tomcat-handler-0] o.s.web.servlet.DispatcherServlet        : Initializing Servlet 'dispatcherServlet'
2025-12-18T15:43:31.487-05:00  INFO 2340 --- [JPA-Demo] [tomcat-handler-0] o.s.web.servlet.DispatcherServlet        : Completed initialization in 1 ms
2025-12-18T15:43:32.358-05:00  INFO 2340 --- [JPA-Demo] [File Watcher] rtingClassPathChangeChangedEventListener : Restarting due to 26 class path changes (26 additions, 0 deletions, 0 modifications)
2025-12-18T15:43:32.360-05:00  INFO 2340 --- [JPA-Demo] [Thread-11] o.s.b.w.e.tomcat.GracefulShutdown        : Commencing graceful shutdown. Waiting for active requests to complete
2025-12-18T15:43:32.370-05:00  INFO 2340 --- [JPA-Demo] [tomcat-shutdown] o.s.b.w.e.tomcat.GracefulShutdown        : Graceful shutdown complete
2025-12-18T15:43:32.374-05:00  INFO 2340 --- [JPA-Demo] [Thread-11] j.LocalContainerEntityManagerFactoryBean : Closing JPA EntityManagerFactory for persistence unit 'default'
2025-12-18T15:43:32.374-05:00  INFO 2340 --- [JPA-Demo] [Thread-11] com.zaxxer.hikari.HikariDataSource       : HikariPool-3 - Shutdown initiated...
2025-12-18T15:43:32.384-05:00  INFO 2340 --- [JPA-Demo] [Thread-11] com.zaxxer.hikari.HikariDataSource       : HikariPool-3 - Shutdown completed.
2025-12-18T15:43:32.494-05:00  INFO 2340 --- [JPA-Demo] [restartedMain] org.example.jpademo.JpaDemoApplication   : Starting JpaDemoApplication using Java 25 with PID 2340 (C:\Users\murta\Dropbox\PC\Downloads\College Course Books & Materials\Java\JPA-Demo\target\classes started by murta in C:\Users\murta\Dropbox\PC\Downloads\College Course Books & Materials\Java\JPA-Demo)
2025-12-18T15:43:32.494-05:00  INFO 2340 --- [JPA-Demo] [restartedMain] org.example.jpademo.JpaDemoApplication   : No active profile set, falling back to 1 default profile: "default"
2025-12-18T15:43:32.960-05:00  INFO 2340 --- [JPA-Demo] [restartedMain] .s.d.r.c.RepositoryConfigurationDelegate : Bootstrapping Spring Data JPA repositories in DEFAULT mode.
2025-12-18T15:43:32.984-05:00  INFO 2340 --- [JPA-Demo] [restartedMain] .s.d.r.c.RepositoryConfigurationDelegate : Finished Spring Data repository scanning in 22 ms. Found 2 JPA repository interfaces.
2025-12-18T15:43:33.193-05:00  INFO 2340 --- [JPA-Demo] [restartedMain] o.s.b.w.embedded.tomcat.TomcatWebServer  : Tomcat initialized with port 8080 (http)
2025-12-18T15:43:33.195-05:00  INFO 2340 --- [JPA-Demo] [restartedMain] o.apache.catalina.core.StandardService   : Starting service [Tomcat]
2025-12-18T15:43:33.196-05:00  INFO 2340 --- [JPA-Demo] [restartedMain] o.apache.catalina.core.StandardEngine    : Starting Servlet engine: [Apache Tomcat/10.1.46]
2025-12-18T15:43:33.285-05:00  INFO 2340 --- [JPA-Demo] [restartedMain] o.a.c.c.C.[Tomcat].[localhost].[/]       : Initializing Spring embedded WebApplicationContext
2025-12-18T15:43:33.285-05:00  INFO 2340 --- [JPA-Demo] [restartedMain] w.s.c.ServletWebServerApplicationContext : Root WebApplicationContext: initialization completed in 787 ms
2025-12-18T15:43:33.392-05:00  INFO 2340 --- [JPA-Demo] [restartedMain] o.hibernate.jpa.internal.util.LogHelper  : HHH000204: Processing PersistenceUnitInfo [name: default]
2025-12-18T15:43:33.400-05:00  INFO 2340 --- [JPA-Demo] [restartedMain] o.h.c.internal.RegionFactoryInitiator    : HHH000026: Second-level cache disabled
2025-12-18T15:43:33.418-05:00  INFO 2340 --- [JPA-Demo] [restartedMain] o.s.o.j.p.SpringPersistenceUnitInfo      : No LoadTimeWeaver setup: ignoring JPA class transformer
2025-12-18T15:43:33.419-05:00  INFO 2340 --- [JPA-Demo] [restartedMain] com.zaxxer.hikari.HikariDataSource       : HikariPool-4 - Starting...
2025-12-18T15:43:33.444-05:00  INFO 2340 --- [JPA-Demo] [restartedMain] com.zaxxer.hikari.pool.HikariPool        : HikariPool-4 - Added connection com.mysql.cj.jdbc.ConnectionImpl@2d48055a
2025-12-18T15:43:33.444-05:00  INFO 2340 --- [JPA-Demo] [restartedMain] com.zaxxer.hikari.HikariDataSource       : HikariPool-4 - Start completed.
2025-12-18T15:43:33.446-05:00  INFO 2340 --- [JPA-Demo] [restartedMain] org.hibernate.orm.connections.pooling    : HHH10001005: Database info:
	Database JDBC URL [Connecting through datasource 'HikariDataSource (HikariPool-4)']
	Database driver: undefined/unknown
	Database version: 8.0.34
	Autocommit mode: undefined/unknown
	Isolation level: undefined/unknown
	Minimum pool size: undefined/unknown
	Maximum pool size: undefined/unknown
2025-12-18T15:43:33.554-05:00  INFO 2340 --- [JPA-Demo] [restartedMain] o.h.e.t.j.p.i.JtaPlatformInitiator       : HHH000489: No JTA platform available (set 'hibernate.transaction.jta.platform' to enable JTA platform integration)
2025-12-18T15:43:33.587-05:00  INFO 2340 --- [JPA-Demo] [restartedMain] j.LocalContainerEntityManagerFactoryBean : Initialized JPA EntityManagerFactory for persistence unit 'default'
2025-12-18T15:43:33.756-05:00  WARN 2340 --- [JPA-Demo] [restartedMain] JpaBaseConfiguration$JpaWebConfiguration : spring.jpa.open-in-view is enabled by default. Therefore, database queries may be performed during view rendering. Explicitly configure spring.jpa.open-in-view to disable this warning
2025-12-18T15:43:33.879-05:00  WARN 2340 --- [JPA-Demo] [restartedMain] .s.s.UserDetailsServiceAutoConfiguration : 

Using generated security password: 0dc802ae-6e5b-4279-b66e-6acef2ee230b

This generated password is for development use only. Your security configuration must be updated before running your application in production.

2025-12-18T15:43:33.880-05:00  INFO 2340 --- [JPA-Demo] [restartedMain] r$InitializeUserDetailsManagerConfigurer : Global AuthenticationManager configured with UserDetailsService bean with name inMemoryUserDetailsManager
2025-12-18T15:43:34.077-05:00  INFO 2340 --- [JPA-Demo] [restartedMain] o.s.b.a.h2.H2ConsoleAutoConfiguration    : H2 console available at '/h2-console'. Database available at 'jdbc:mysql://localhost:3306/pokemon'
2025-12-18T15:43:34.106-05:00  INFO 2340 --- [JPA-Demo] [restartedMain] o.s.b.d.a.OptionalLiveReloadServer       : LiveReload server is running on port 35729
2025-12-18T15:43:34.125-05:00  INFO 2340 --- [JPA-Demo] [restartedMain] o.s.b.w.embedded.tomcat.TomcatWebServer  : Tomcat started on port 8080 (http) with context path '/'
2025-12-18T15:43:34.130-05:00  INFO 2340 --- [JPA-Demo] [restartedMain] org.example.jpademo.JpaDemoApplication   : Started JpaDemoApplication in 1.676 seconds (process running for 43.933)
2025-12-18T15:43:34.132-05:00  INFO 2340 --- [JPA-Demo] [restartedMain] .ConditionEvaluationDeltaLoggingListener : Condition evaluation delta:


==========================
CONDITION EVALUATION DELTA
==========================


Positive matches:
-----------------

    None


Negative matches:
-----------------

   SpringBootWebSecurityConfiguration.SecurityFilterChainConfiguration:
      Did not match:
         - AllNestedConditions 1 matched 1 did not; NestedCondition on DefaultWebSecurityCondition.Beans @ConditionalOnMissingBean (types: org.springframework.security.web.SecurityFilterChain; SearchStrategy: all) found beans of type 'org.springframework.security.web.SecurityFilterChain' securityFilterChain; NestedCondition on DefaultWebSecurityCondition.Classes @ConditionalOnClass found required classes 'org.springframework.security.web.SecurityFilterChain', 'org.springframework.security.config.annotation.web.builders.HttpSecurity' (DefaultWebSecurityCondition)

   SpringBootWebSecurityConfiguration.WebSecurityEnablerConfiguration:
      Did not match:
         - @ConditionalOnMissingBean (names: springSecurityFilterChain; SearchStrategy: all) found beans named springSecurityFilterChain (OnBeanCondition)
      Matched:
         - @ConditionalOnClass found required class 'org.springframework.security.config.annotation.web.configuration.EnableWebSecurity' (OnClassCondition)


Exclusions:
-----------

    None


Unconditional classes:
----------------------

    None



2025-12-18T15:44:06.823-05:00  INFO 2340 --- [JPA-Demo] [tomcat-handler-0] o.a.c.c.C.[Tomcat].[localhost].[/]       : Initializing Spring DispatcherServlet 'dispatcherServlet'
2025-12-18T15:44:06.823-05:00  INFO 2340 --- [JPA-Demo] [tomcat-handler-0] o.s.web.servlet.DispatcherServlet        : Initializing Servlet 'dispatcherServlet'
2025-12-18T15:44:06.825-05:00  INFO 2340 --- [JPA-Demo] [tomcat-handler-0] o.s.web.servlet.DispatcherServlet        : Completed initialization in 2 ms
2025-12-18T15:57:54.963-05:00  INFO 2340 --- [JPA-Demo] [File Watcher] rtingClassPathChangeChangedEventListener : Restarting due to 2 class path changes (0 additions, 2 deletions, 0 modifications)
2025-12-18T15:57:54.965-05:00  INFO 2340 --- [JPA-Demo] [Thread-15] o.s.b.w.e.tomcat.GracefulShutdown        : Commencing graceful shutdown. Waiting for active requests to complete
2025-12-18T15:57:54.978-05:00  INFO 2340 --- [JPA-Demo] [tomcat-shutdown] o.s.b.w.e.tomcat.GracefulShutdown        : Graceful shutdown complete
2025-12-18T15:57:54.980-05:00  INFO 2340 --- [JPA-Demo] [Thread-15] j.LocalContainerEntityManagerFactoryBean : Closing JPA EntityManagerFactory for persistence unit 'default'
2025-12-18T15:57:54.981-05:00  INFO 2340 --- [JPA-Demo] [Thread-15] com.zaxxer.hikari.HikariDataSource       : HikariPool-4 - Shutdown initiated...
2025-12-18T15:57:54.994-05:00  INFO 2340 --- [JPA-Demo] [Thread-15] com.zaxxer.hikari.HikariDataSource       : HikariPool-4 - Shutdown completed.
2025-12-18T15:57:55.130-05:00  INFO 2340 --- [JPA-Demo] [restartedMain] org.example.jpademo.JpaDemoApplication   : Starting JpaDemoApplication using Java 25 with PID 2340 (C:\Users\murta\Dropbox\PC\Downloads\College Course Books & Materials\Java\JPA-Demo\target\classes started by murta in C:\Users\murta\Dropbox\PC\Downloads\College Course Books & Materials\Java\JPA-Demo)
2025-12-18T15:57:55.131-05:00  INFO 2340 --- [JPA-Demo] [restartedMain] org.example.jpademo.JpaDemoApplication   : No active profile set, falling back to 1 default profile: "default"
2025-12-18T15:57:55.681-05:00  INFO 2340 --- [JPA-Demo] [restartedMain] .s.d.r.c.RepositoryConfigurationDelegate : Bootstrapping Spring Data JPA repositories in DEFAULT mode.
2025-12-18T15:57:55.705-05:00  INFO 2340 --- [JPA-Demo] [restartedMain] .s.d.r.c.RepositoryConfigurationDelegate : Finished Spring Data repository scanning in 21 ms. Found 2 JPA repository interfaces.
2025-12-18T15:57:55.993-05:00  INFO 2340 --- [JPA-Demo] [restartedMain] o.s.b.w.embedded.tomcat.TomcatWebServer  : Tomcat initialized with port 8080 (http)
2025-12-18T15:57:55.997-05:00  INFO 2340 --- [JPA-Demo] [restartedMain] o.apache.catalina.core.StandardService   : Starting service [Tomcat]
2025-12-18T15:57:55.997-05:00  INFO 2340 --- [JPA-Demo] [restartedMain] o.apache.catalina.core.StandardEngine    : Starting Servlet engine: [Apache Tomcat/10.1.46]
2025-12-18T15:57:56.051-05:00  INFO 2340 --- [JPA-Demo] [restartedMain] o.a.c.c.C.[Tomcat].[localhost].[/]       : Initializing Spring embedded WebApplicationContext
2025-12-18T15:57:56.051-05:00  INFO 2340 --- [JPA-Demo] [restartedMain] w.s.c.ServletWebServerApplicationContext : Root WebApplicationContext: initialization completed in 916 ms
2025-12-18T15:57:56.214-05:00  INFO 2340 --- [JPA-Demo] [restartedMain] o.hibernate.jpa.internal.util.LogHelper  : HHH000204: Processing PersistenceUnitInfo [name: default]
2025-12-18T15:57:56.220-05:00  INFO 2340 --- [JPA-Demo] [restartedMain] o.h.c.internal.RegionFactoryInitiator    : HHH000026: Second-level cache disabled
2025-12-18T15:57:56.238-05:00  INFO 2340 --- [JPA-Demo] [restartedMain] o.s.o.j.p.SpringPersistenceUnitInfo      : No LoadTimeWeaver setup: ignoring JPA class transformer
2025-12-18T15:57:56.242-05:00  INFO 2340 --- [JPA-Demo] [restartedMain] com.zaxxer.hikari.HikariDataSource       : HikariPool-5 - Starting...
2025-12-18T15:57:56.272-05:00  INFO 2340 --- [JPA-Demo] [restartedMain] com.zaxxer.hikari.pool.HikariPool        : HikariPool-5 - Added connection com.mysql.cj.jdbc.ConnectionImpl@7cfabb5e
2025-12-18T15:57:56.273-05:00  INFO 2340 --- [JPA-Demo] [restartedMain] com.zaxxer.hikari.HikariDataSource       : HikariPool-5 - Start completed.
2025-12-18T15:57:56.276-05:00  INFO 2340 --- [JPA-Demo] [restartedMain] org.hibernate.orm.connections.pooling    : HHH10001005: Database info:
	Database JDBC URL [Connecting through datasource 'HikariDataSource (HikariPool-5)']
	Database driver: undefined/unknown
	Database version: 8.0.34
	Autocommit mode: undefined/unknown
	Isolation level: undefined/unknown
	Minimum pool size: undefined/unknown
	Maximum pool size: undefined/unknown
2025-12-18T15:57:56.384-05:00  INFO 2340 --- [JPA-Demo] [restartedMain] o.h.e.t.j.p.i.JtaPlatformInitiator       : HHH000489: No JTA platform available (set 'hibernate.transaction.jta.platform' to enable JTA platform integration)
2025-12-18T15:57:56.433-05:00  INFO 2340 --- [JPA-Demo] [restartedMain] j.LocalContainerEntityManagerFactoryBean : Initialized JPA EntityManagerFactory for persistence unit 'default'
2025-12-18T15:57:56.652-05:00  WARN 2340 --- [JPA-Demo] [restartedMain] JpaBaseConfiguration$JpaWebConfiguration : spring.jpa.open-in-view is enabled by default. Therefore, database queries may be performed during view rendering. Explicitly configure spring.jpa.open-in-view to disable this warning
2025-12-18T15:57:56.996-05:00  INFO 2340 --- [JPA-Demo] [restartedMain] o.s.b.a.h2.H2ConsoleAutoConfiguration    : H2 console available at '/h2-console'. Database available at 'jdbc:mysql://localhost:3306/pokemon'
2025-12-18T15:57:57.063-05:00  WARN 2340 --- [JPA-Demo] [restartedMain] .s.s.UserDetailsServiceAutoConfiguration : 

Using generated security password: bb1114ee-0745-4d56-af8c-d1731ad44923

This generated password is for development use only. Your security configuration must be updated before running your application in production.

2025-12-18T15:57:57.064-05:00  INFO 2340 --- [JPA-Demo] [restartedMain] r$InitializeUserDetailsManagerConfigurer : Global AuthenticationManager configured with UserDetailsService bean with name inMemoryUserDetailsManager
2025-12-18T15:57:57.150-05:00  INFO 2340 --- [JPA-Demo] [restartedMain] o.s.b.d.a.OptionalLiveReloadServer       : LiveReload server is running on port 35729
2025-12-18T15:57:57.176-05:00  INFO 2340 --- [JPA-Demo] [restartedMain] o.s.b.w.embedded.tomcat.TomcatWebServer  : Tomcat started on port 8080 (http) with context path '/'
2025-12-18T15:57:57.182-05:00  INFO 2340 --- [JPA-Demo] [restartedMain] org.example.jpademo.JpaDemoApplication   : Started JpaDemoApplication in 2.104 seconds (process running for 906.985)
2025-12-18T15:57:57.184-05:00  INFO 2340 --- [JPA-Demo] [restartedMain] .ConditionEvaluationDeltaLoggingListener : Condition evaluation delta:


==========================
CONDITION EVALUATION DELTA
==========================


Positive matches:
-----------------

   SpringBootWebSecurityConfiguration.SecurityFilterChainConfiguration matched:
      - AllNestedConditions 2 matched 0 did not; NestedCondition on DefaultWebSecurityCondition.Beans @ConditionalOnMissingBean (types: org.springframework.security.web.SecurityFilterChain; SearchStrategy: all) did not find any beans; NestedCondition on DefaultWebSecurityCondition.Classes @ConditionalOnClass found required classes 'org.springframework.security.web.SecurityFilterChain', 'org.springframework.security.config.annotation.web.builders.HttpSecurity' (DefaultWebSecurityCondition)

   SpringBootWebSecurityConfiguration.WebSecurityEnablerConfiguration matched:
      - @ConditionalOnClass found required class 'org.springframework.security.config.annotation.web.configuration.EnableWebSecurity' (OnClassCondition)
      - @ConditionalOnMissingBean (names: springSecurityFilterChain; SearchStrategy: all) did not find any beans (OnBeanCondition)


Negative matches:
-----------------

    None


Exclusions:
-----------

    None


Unconditional classes:
----------------------

    None



2025-12-18T15:57:58.584-05:00  INFO 2340 --- [JPA-Demo] [File Watcher] rtingClassPathChangeChangedEventListener : Restarting due to 2 class path changes (2 additions, 0 deletions, 0 modifications)
2025-12-18T15:57:58.586-05:00  INFO 2340 --- [JPA-Demo] [Thread-19] o.s.b.w.e.tomcat.GracefulShutdown        : Commencing graceful shutdown. Waiting for active requests to complete
2025-12-18T15:57:58.597-05:00  INFO 2340 --- [JPA-Demo] [tomcat-shutdown] o.s.b.w.e.tomcat.GracefulShutdown        : Graceful shutdown complete
2025-12-18T15:57:58.598-05:00  INFO 2340 --- [JPA-Demo] [Thread-19] j.LocalContainerEntityManagerFactoryBean : Closing JPA EntityManagerFactory for persistence unit 'default'
2025-12-18T15:57:58.599-05:00  INFO 2340 --- [JPA-Demo] [Thread-19] com.zaxxer.hikari.HikariDataSource       : HikariPool-5 - Shutdown initiated...
2025-12-18T15:57:58.611-05:00  INFO 2340 --- [JPA-Demo] [Thread-19] com.zaxxer.hikari.HikariDataSource       : HikariPool-5 - Shutdown completed.
2025-12-18T15:57:58.731-05:00  INFO 2340 --- [JPA-Demo] [restartedMain] org.example.jpademo.JpaDemoApplication   : Starting JpaDemoApplication using Java 25 with PID 2340 (C:\Users\murta\Dropbox\PC\Downloads\College Course Books & Materials\Java\JPA-Demo\target\classes started by murta in C:\Users\murta\Dropbox\PC\Downloads\College Course Books & Materials\Java\JPA-Demo)
2025-12-18T15:57:58.731-05:00  INFO 2340 --- [JPA-Demo] [restartedMain] org.example.jpademo.JpaDemoApplication   : No active profile set, falling back to 1 default profile: "default"
2025-12-18T15:57:59.293-05:00  INFO 2340 --- [JPA-Demo] [restartedMain] .s.d.r.c.RepositoryConfigurationDelegate : Bootstrapping Spring Data JPA repositories in DEFAULT mode.
2025-12-18T15:57:59.319-05:00  INFO 2340 --- [JPA-Demo] [restartedMain] .s.d.r.c.RepositoryConfigurationDelegate : Finished Spring Data repository scanning in 24 ms. Found 2 JPA repository interfaces.
2025-12-18T15:57:59.490-05:00  INFO 2340 --- [JPA-Demo] [restartedMain] o.s.b.w.embedded.tomcat.TomcatWebServer  : Tomcat initialized with port 8080 (http)
2025-12-18T15:57:59.496-05:00  INFO 2340 --- [JPA-Demo] [restartedMain] o.apache.catalina.core.StandardService   : Starting service [Tomcat]
2025-12-18T15:57:59.497-05:00  INFO 2340 --- [JPA-Demo] [restartedMain] o.apache.catalina.core.StandardEngine    : Starting Servlet engine: [Apache Tomcat/10.1.46]
2025-12-18T15:57:59.546-05:00  INFO 2340 --- [JPA-Demo] [restartedMain] o.a.c.c.C.[Tomcat].[localhost].[/]       : Initializing Spring embedded WebApplicationContext
2025-12-18T15:57:59.548-05:00  INFO 2340 --- [JPA-Demo] [restartedMain] w.s.c.ServletWebServerApplicationContext : Root WebApplicationContext: initialization completed in 814 ms
2025-12-18T15:57:59.629-05:00  INFO 2340 --- [JPA-Demo] [restartedMain] o.hibernate.jpa.internal.util.LogHelper  : HHH000204: Processing PersistenceUnitInfo [name: default]
2025-12-18T15:57:59.634-05:00  INFO 2340 --- [JPA-Demo] [restartedMain] o.h.c.internal.RegionFactoryInitiator    : HHH000026: Second-level cache disabled
2025-12-18T15:57:59.653-05:00  INFO 2340 --- [JPA-Demo] [restartedMain] o.s.o.j.p.SpringPersistenceUnitInfo      : No LoadTimeWeaver setup: ignoring JPA class transformer
2025-12-18T15:57:59.654-05:00  INFO 2340 --- [JPA-Demo] [restartedMain] com.zaxxer.hikari.HikariDataSource       : HikariPool-6 - Starting...
2025-12-18T15:57:59.684-05:00  INFO 2340 --- [JPA-Demo] [restartedMain] com.zaxxer.hikari.pool.HikariPool        : HikariPool-6 - Added connection com.mysql.cj.jdbc.ConnectionImpl@5f974052
2025-12-18T15:57:59.685-05:00  INFO 2340 --- [JPA-Demo] [restartedMain] com.zaxxer.hikari.HikariDataSource       : HikariPool-6 - Start completed.
2025-12-18T15:57:59.688-05:00  INFO 2340 --- [JPA-Demo] [restartedMain] org.hibernate.orm.connections.pooling    : HHH10001005: Database info:
	Database JDBC URL [Connecting through datasource 'HikariDataSource (HikariPool-6)']
	Database driver: undefined/unknown
	Database version: 8.0.34
	Autocommit mode: undefined/unknown
	Isolation level: undefined/unknown
	Minimum pool size: undefined/unknown
	Maximum pool size: undefined/unknown
2025-12-18T15:57:59.786-05:00  INFO 2340 --- [JPA-Demo] [restartedMain] o.h.e.t.j.p.i.JtaPlatformInitiator       : HHH000489: No JTA platform available (set 'hibernate.transaction.jta.platform' to enable JTA platform integration)
2025-12-18T15:57:59.822-05:00  INFO 2340 --- [JPA-Demo] [restartedMain] j.LocalContainerEntityManagerFactoryBean : Initialized JPA EntityManagerFactory for persistence unit 'default'
2025-12-18T15:57:59.980-05:00  WARN 2340 --- [JPA-Demo] [restartedMain] JpaBaseConfiguration$JpaWebConfiguration : spring.jpa.open-in-view is enabled by default. Therefore, database queries may be performed during view rendering. Explicitly configure spring.jpa.open-in-view to disable this warning
2025-12-18T15:58:00.100-05:00  WARN 2340 --- [JPA-Demo] [restartedMain] .s.s.UserDetailsServiceAutoConfiguration : 

Using generated security password: 0d6447ef-4531-4f96-8de1-858338cca2fe

This generated password is for development use only. Your security configuration must be updated before running your application in production.

2025-12-18T15:58:00.101-05:00  INFO 2340 --- [JPA-Demo] [restartedMain] r$InitializeUserDetailsManagerConfigurer : Global AuthenticationManager configured with UserDetailsService bean with name inMemoryUserDetailsManager
2025-12-18T15:58:00.263-05:00  INFO 2340 --- [JPA-Demo] [restartedMain] o.s.b.a.h2.H2ConsoleAutoConfiguration    : H2 console available at '/h2-console'. Database available at 'jdbc:mysql://localhost:3306/pokemon'
2025-12-18T15:58:00.297-05:00  INFO 2340 --- [JPA-Demo] [restartedMain] o.s.b.d.a.OptionalLiveReloadServer       : LiveReload server is running on port 35729
2025-12-18T15:58:00.315-05:00  INFO 2340 --- [JPA-Demo] [restartedMain] o.s.b.w.embedded.tomcat.TomcatWebServer  : Tomcat started on port 8080 (http) with context path '/'
2025-12-18T15:58:00.319-05:00  INFO 2340 --- [JPA-Demo] [restartedMain] org.example.jpademo.JpaDemoApplication   : Started JpaDemoApplication in 1.631 seconds (process running for 910.121)
2025-12-18T15:58:00.321-05:00  INFO 2340 --- [JPA-Demo] [restartedMain] .ConditionEvaluationDeltaLoggingListener : Condition evaluation delta:


==========================
CONDITION EVALUATION DELTA
==========================


Positive matches:
-----------------

    None


Negative matches:
-----------------

   SpringBootWebSecurityConfiguration.SecurityFilterChainConfiguration:
      Did not match:
         - AllNestedConditions 1 matched 1 did not; NestedCondition on DefaultWebSecurityCondition.Beans @ConditionalOnMissingBean (types: org.springframework.security.web.SecurityFilterChain; SearchStrategy: all) found beans of type 'org.springframework.security.web.SecurityFilterChain' securityFilterChain; NestedCondition on DefaultWebSecurityCondition.Classes @ConditionalOnClass found required classes 'org.springframework.security.web.SecurityFilterChain', 'org.springframework.security.config.annotation.web.builders.HttpSecurity' (DefaultWebSecurityCondition)

   SpringBootWebSecurityConfiguration.WebSecurityEnablerConfiguration:
      Did not match:
         - @ConditionalOnMissingBean (names: springSecurityFilterChain; SearchStrategy: all) found beans named springSecurityFilterChain (OnBeanCondition)
      Matched:
         - @ConditionalOnClass found required class 'org.springframework.security.config.annotation.web.configuration.EnableWebSecurity' (OnClassCondition)


Exclusions:
-----------

    None


Unconditional classes:
----------------------

    None



2025-12-18T15:59:55.708-05:00  INFO 2340 --- [JPA-Demo] [File Watcher] rtingClassPathChangeChangedEventListener : Restarting due to 1 class path change (0 additions, 1 deletion, 0 modifications)
2025-12-18T15:59:55.710-05:00  INFO 2340 --- [JPA-Demo] [Thread-23] o.s.b.w.e.tomcat.GracefulShutdown        : Commencing graceful shutdown. Waiting for active requests to complete
2025-12-18T15:59:55.719-05:00  INFO 2340 --- [JPA-Demo] [tomcat-shutdown] o.s.b.w.e.tomcat.GracefulShutdown        : Graceful shutdown complete
2025-12-18T15:59:55.722-05:00  INFO 2340 --- [JPA-Demo] [Thread-23] j.LocalContainerEntityManagerFactoryBean : Closing JPA EntityManagerFactory for persistence unit 'default'
2025-12-18T15:59:55.723-05:00  INFO 2340 --- [JPA-Demo] [Thread-23] com.zaxxer.hikari.HikariDataSource       : HikariPool-6 - Shutdown initiated...
2025-12-18T15:59:55.731-05:00  INFO 2340 --- [JPA-Demo] [Thread-23] com.zaxxer.hikari.HikariDataSource       : HikariPool-6 - Shutdown completed.
2025-12-18T15:59:55.830-05:00  INFO 2340 --- [JPA-Demo] [restartedMain] org.example.jpademo.JpaDemoApplication   : Starting JpaDemoApplication using Java 25 with PID 2340 (C:\Users\murta\Dropbox\PC\Downloads\College Course Books & Materials\Java\JPA-Demo\target\classes started by murta in C:\Users\murta\Dropbox\PC\Downloads\College Course Books & Materials\Java\JPA-Demo)
2025-12-18T15:59:55.830-05:00  INFO 2340 --- [JPA-Demo] [restartedMain] org.example.jpademo.JpaDemoApplication   : No active profile set, falling back to 1 default profile: "default"
2025-12-18T15:59:56.234-05:00  INFO 2340 --- [JPA-Demo] [restartedMain] .s.d.r.c.RepositoryConfigurationDelegate : Bootstrapping Spring Data JPA repositories in DEFAULT mode.
2025-12-18T15:59:56.256-05:00  INFO 2340 --- [JPA-Demo] [restartedMain] .s.d.r.c.RepositoryConfigurationDelegate : Finished Spring Data repository scanning in 21 ms. Found 2 JPA repository interfaces.
2025-12-18T15:59:56.414-05:00  INFO 2340 --- [JPA-Demo] [restartedMain] o.s.b.w.embedded.tomcat.TomcatWebServer  : Tomcat initialized with port 8080 (http)
2025-12-18T15:59:56.418-05:00  INFO 2340 --- [JPA-Demo] [restartedMain] o.apache.catalina.core.StandardService   : Starting service [Tomcat]
2025-12-18T15:59:56.418-05:00  INFO 2340 --- [JPA-Demo] [restartedMain] o.apache.catalina.core.StandardEngine    : Starting Servlet engine: [Apache Tomcat/10.1.46]
2025-12-18T15:59:56.471-05:00  INFO 2340 --- [JPA-Demo] [restartedMain] o.a.c.c.C.[Tomcat].[localhost].[/]       : Initializing Spring embedded WebApplicationContext
2025-12-18T15:59:56.471-05:00  INFO 2340 --- [JPA-Demo] [restartedMain] w.s.c.ServletWebServerApplicationContext : Root WebApplicationContext: initialization completed in 638 ms
2025-12-18T15:59:56.562-05:00  INFO 2340 --- [JPA-Demo] [restartedMain] o.hibernate.jpa.internal.util.LogHelper  : HHH000204: Processing PersistenceUnitInfo [name: default]
2025-12-18T15:59:56.568-05:00  INFO 2340 --- [JPA-Demo] [restartedMain] o.h.c.internal.RegionFactoryInitiator    : HHH000026: Second-level cache disabled
2025-12-18T15:59:56.583-05:00  INFO 2340 --- [JPA-Demo] [restartedMain] o.s.o.j.p.SpringPersistenceUnitInfo      : No LoadTimeWeaver setup: ignoring JPA class transformer
2025-12-18T15:59:56.585-05:00  INFO 2340 --- [JPA-Demo] [restartedMain] com.zaxxer.hikari.HikariDataSource       : HikariPool-7 - Starting...
2025-12-18T15:59:56.617-05:00  INFO 2340 --- [JPA-Demo] [restartedMain] com.zaxxer.hikari.pool.HikariPool        : HikariPool-7 - Added connection com.mysql.cj.jdbc.ConnectionImpl@77ea5bb4
2025-12-18T15:59:56.617-05:00  INFO 2340 --- [JPA-Demo] [restartedMain] com.zaxxer.hikari.HikariDataSource       : HikariPool-7 - Start completed.
2025-12-18T15:59:56.619-05:00  INFO 2340 --- [JPA-Demo] [restartedMain] org.hibernate.orm.connections.pooling    : HHH10001005: Database info:
	Database JDBC URL [Connecting through datasource 'HikariDataSource (HikariPool-7)']
	Database driver: undefined/unknown
	Database version: 8.0.34
	Autocommit mode: undefined/unknown
	Isolation level: undefined/unknown
	Minimum pool size: undefined/unknown
	Maximum pool size: undefined/unknown
2025-12-18T15:59:56.735-05:00  INFO 2340 --- [JPA-Demo] [restartedMain] o.h.e.t.j.p.i.JtaPlatformInitiator       : HHH000489: No JTA platform available (set 'hibernate.transaction.jta.platform' to enable JTA platform integration)
2025-12-18T15:59:56.774-05:00  INFO 2340 --- [JPA-Demo] [restartedMain] j.LocalContainerEntityManagerFactoryBean : Initialized JPA EntityManagerFactory for persistence unit 'default'
2025-12-18T15:59:56.976-05:00  WARN 2340 --- [JPA-Demo] [restartedMain] JpaBaseConfiguration$JpaWebConfiguration : spring.jpa.open-in-view is enabled by default. Therefore, database queries may be performed during view rendering. Explicitly configure spring.jpa.open-in-view to disable this warning
2025-12-18T15:59:57.138-05:00  WARN 2340 --- [JPA-Demo] [restartedMain] .s.s.UserDetailsServiceAutoConfiguration : 

Using generated security password: b251cd24-a065-4674-bc6c-d25b837f7cb7

This generated password is for development use only. Your security configuration must be updated before running your application in production.

2025-12-18T15:59:57.141-05:00  INFO 2340 --- [JPA-Demo] [restartedMain] r$InitializeUserDetailsManagerConfigurer : Global AuthenticationManager configured with UserDetailsService bean with name inMemoryUserDetailsManager
2025-12-18T15:59:57.467-05:00  INFO 2340 --- [JPA-Demo] [restartedMain] o.s.b.a.h2.H2ConsoleAutoConfiguration    : H2 console available at '/h2-console'. Database available at 'jdbc:mysql://localhost:3306/pokemon'
2025-12-18T15:59:57.509-05:00  INFO 2340 --- [JPA-Demo] [restartedMain] o.s.b.d.a.OptionalLiveReloadServer       : LiveReload server is running on port 35729
2025-12-18T15:59:57.536-05:00  INFO 2340 --- [JPA-Demo] [restartedMain] o.s.b.w.embedded.tomcat.TomcatWebServer  : Tomcat started on port 8080 (http) with context path '/'
2025-12-18T15:59:57.542-05:00  INFO 2340 --- [JPA-Demo] [restartedMain] org.example.jpademo.JpaDemoApplication   : Started JpaDemoApplication in 1.748 seconds (process running for 1027.345)
2025-12-18T15:59:57.544-05:00  INFO 2340 --- [JPA-Demo] [restartedMain] .ConditionEvaluationDeltaLoggingListener : Condition evaluation unchanged
2025-12-18T16:02:10.667-05:00  INFO 2340 --- [JPA-Demo] [File Watcher] rtingClassPathChangeChangedEventListener : Restarting due to 1 class path change (1 addition, 0 deletions, 0 modifications)
2025-12-18T16:02:10.669-05:00  INFO 2340 --- [JPA-Demo] [Thread-27] o.s.b.w.e.tomcat.GracefulShutdown        : Commencing graceful shutdown. Waiting for active requests to complete
2025-12-18T16:02:10.676-05:00  INFO 2340 --- [JPA-Demo] [tomcat-shutdown] o.s.b.w.e.tomcat.GracefulShutdown        : Graceful shutdown complete
2025-12-18T16:02:10.677-05:00  INFO 2340 --- [JPA-Demo] [Thread-27] j.LocalContainerEntityManagerFactoryBean : Closing JPA EntityManagerFactory for persistence unit 'default'
2025-12-18T16:02:10.678-05:00  INFO 2340 --- [JPA-Demo] [Thread-27] com.zaxxer.hikari.HikariDataSource       : HikariPool-7 - Shutdown initiated...
2025-12-18T16:02:10.683-05:00  INFO 2340 --- [JPA-Demo] [Thread-27] com.zaxxer.hikari.HikariDataSource       : HikariPool-7 - Shutdown completed.
2025-12-18T16:02:10.760-05:00  INFO 2340 --- [JPA-Demo] [restartedMain] org.example.jpademo.JpaDemoApplication   : Starting JpaDemoApplication using Java 25 with PID 2340 (C:\Users\murta\Dropbox\PC\Downloads\College Course Books & Materials\Java\JPA-Demo\target\classes started by murta in C:\Users\murta\Dropbox\PC\Downloads\College Course Books & Materials\Java\JPA-Demo)
2025-12-18T16:02:10.760-05:00  INFO 2340 --- [JPA-Demo] [restartedMain] org.example.jpademo.JpaDemoApplication   : No active profile set, falling back to 1 default profile: "default"
2025-12-18T16:02:10.964-05:00  INFO 2340 --- [JPA-Demo] [restartedMain] .s.d.r.c.RepositoryConfigurationDelegate : Bootstrapping Spring Data JPA repositories in DEFAULT mode.
2025-12-18T16:02:10.976-05:00  INFO 2340 --- [JPA-Demo] [restartedMain] .s.d.r.c.RepositoryConfigurationDelegate : Finished Spring Data repository scanning in 10 ms. Found 2 JPA repository interfaces.
2025-12-18T16:02:11.072-05:00  INFO 2340 --- [JPA-Demo] [restartedMain] o.s.b.w.embedded.tomcat.TomcatWebServer  : Tomcat initialized with port 8080 (http)
2025-12-18T16:02:11.093-05:00  INFO 2340 --- [JPA-Demo] [restartedMain] w.s.c.ServletWebServerApplicationContext : Root WebApplicationContext: initialization completed in 332 ms
2025-12-18T16:02:11.127-05:00  INFO 2340 --- [JPA-Demo] [restartedMain] o.hibernate.jpa.internal.util.LogHelper  : HHH000204: Processing PersistenceUnitInfo [name: default]
2025-12-18T16:02:11.128-05:00  INFO 2340 --- [JPA-Demo] [restartedMain] o.h.c.internal.RegionFactoryInitiator    : HHH000026: Second-level cache disabled
2025-12-18T16:02:11.134-05:00  INFO 2340 --- [JPA-Demo] [restartedMain] o.s.o.j.p.SpringPersistenceUnitInfo      : No LoadTimeWeaver setup: ignoring JPA class transformer
2025-12-18T16:02:11.136-05:00  INFO 2340 --- [JPA-Demo] [restartedMain] com.zaxxer.hikari.HikariDataSource       : HikariPool-8 - Starting...
2025-12-18T16:02:11.155-05:00  INFO 2340 --- [JPA-Demo] [restartedMain] com.zaxxer.hikari.pool.HikariPool        : HikariPool-8 - Added connection com.mysql.cj.jdbc.ConnectionImpl@f62b3d2
2025-12-18T16:02:11.156-05:00  INFO 2340 --- [JPA-Demo] [restartedMain] com.zaxxer.hikari.HikariDataSource       : HikariPool-8 - Start completed.
2025-12-18T16:02:11.157-05:00  INFO 2340 --- [JPA-Demo] [restartedMain] org.hibernate.orm.connections.pooling    : HHH10001005: Database info:
	Database JDBC URL [Connecting through datasource 'HikariDataSource (HikariPool-8)']
	Database driver: undefined/unknown
	Database version: 8.0.34
	Autocommit mode: undefined/unknown
	Isolation level: undefined/unknown
	Minimum pool size: undefined/unknown
	Maximum pool size: undefined/unknown
2025-12-18T16:02:11.204-05:00  INFO 2340 --- [JPA-Demo] [restartedMain] o.h.e.t.j.p.i.JtaPlatformInitiator       : HHH000489: No JTA platform available (set 'hibernate.transaction.jta.platform' to enable JTA platform integration)
2025-12-18T16:02:11.235-05:00  INFO 2340 --- [JPA-Demo] [restartedMain] j.LocalContainerEntityManagerFactoryBean : Initialized JPA EntityManagerFactory for persistence unit 'default'
2025-12-18T16:02:11.317-05:00  WARN 2340 --- [JPA-Demo] [restartedMain] JpaBaseConfiguration$JpaWebConfiguration : spring.jpa.open-in-view is enabled by default. Therefore, database queries may be performed during view rendering. Explicitly configure spring.jpa.open-in-view to disable this warning
2025-12-18T16:02:11.383-05:00  WARN 2340 --- [JPA-Demo] [restartedMain] .s.s.UserDetailsServiceAutoConfiguration : 

Using generated security password: 1ebfd7af-f2a2-4a02-aa07-70f819f9b7c0

This generated password is for development use only. Your security configuration must be updated before running your application in production.

2025-12-18T16:02:11.384-05:00  INFO 2340 --- [JPA-Demo] [restartedMain] r$InitializeUserDetailsManagerConfigurer : Global AuthenticationManager configured with UserDetailsService bean with name inMemoryUserDetailsManager
2025-12-18T16:02:11.471-05:00  INFO 2340 --- [JPA-Demo] [restartedMain] o.s.b.a.h2.H2ConsoleAutoConfiguration    : H2 console available at '/h2-console'. Database available at 'jdbc:mysql://localhost:3306/pokemon'
2025-12-18T16:02:11.486-05:00  INFO 2340 --- [JPA-Demo] [restartedMain] o.s.b.d.a.OptionalLiveReloadServer       : LiveReload server is running on port 35729
2025-12-18T16:02:11.497-05:00  INFO 2340 --- [JPA-Demo] [restartedMain] o.s.b.w.embedded.tomcat.TomcatWebServer  : Tomcat started on port 8080 (http) with context path '/'
2025-12-18T16:02:11.500-05:00  INFO 2340 --- [JPA-Demo] [restartedMain] org.example.jpademo.JpaDemoApplication   : Started JpaDemoApplication in 0.76 seconds (process running for 1161.303)
2025-12-18T16:02:11.500-05:00  INFO 2340 --- [JPA-Demo] [SpringApplicationShutdownHook] o.s.b.w.e.tomcat.GracefulShutdown        : Commencing graceful shutdown. Waiting for active requests to complete
2025-12-18T16:02:11.501-05:00  INFO 2340 --- [JPA-Demo] [restartedMain] .ConditionEvaluationDeltaLoggingListener : Condition evaluation unchanged
2025-12-18T16:02:11.506-05:00  INFO 2340 --- [JPA-Demo] [tomcat-shutdown] o.s.b.w.e.tomcat.GracefulShutdown        : Graceful shutdown complete
2025-12-18T16:02:11.509-05:00  INFO 2340 --- [JPA-Demo] [SpringApplicationShutdownHook] j.LocalContainerEntityManagerFactoryBean : Closing JPA EntityManagerFactory for persistence unit 'default'
2025-12-18T16:02:11.511-05:00  INFO 2340 --- [JPA-Demo] [SpringApplicationShutdownHook] com.zaxxer.hikari.HikariDataSource       : HikariPool-8 - Shutdown initiated...
2025-12-18T16:02:11.525-05:00  INFO 2340 --- [JPA-Demo] [SpringApplicationShutdownHook] com.zaxxer.hikari.HikariDataSource       : HikariPool-8 - Shutdown completed.
2025-12-18T16:02:13.517-05:00  INFO 33104 --- [JPA-Demo] [restartedMain] org.example.jpademo.JpaDemoApplication   : Starting JpaDemoApplication using Java 25 with PID 33104 (C:\Users\murta\Dropbox\PC\Downloads\College Course Books & Materials\Java\JPA-Demo\target\classes started by murta in C:\Users\murta\Dropbox\PC\Downloads\College Course Books & Materials\Java\JPA-Demo)
2025-12-18T16:02:13.520-05:00  INFO 33104 --- [JPA-Demo] [restartedMain] org.example.jpademo.JpaDemoApplication   : No active profile set, falling back to 1 default profile: "default"
2025-12-18T16:02:13.583-05:00  INFO 33104 --- [JPA-Demo] [restartedMain] .e.DevToolsPropertyDefaultsPostProcessor : Devtools property defaults active! Set 'spring.devtools.add-properties' to 'false' to disable
2025-12-18T16:02:13.584-05:00  INFO 33104 --- [JPA-Demo] [restartedMain] .e.DevToolsPropertyDefaultsPostProcessor : For additional web related logging consider setting the 'logging.level.web' property to 'DEBUG'
2025-12-18T16:02:14.458-05:00  INFO 33104 --- [JPA-Demo] [restartedMain] .s.d.r.c.RepositoryConfigurationDelegate : Bootstrapping Spring Data JPA repositories in DEFAULT mode.
2025-12-18T16:02:14.517-05:00  INFO 33104 --- [JPA-Demo] [restartedMain] .s.d.r.c.RepositoryConfigurationDelegate : Finished Spring Data repository scanning in 50 ms. Found 2 JPA repository interfaces.
2025-12-18T16:02:15.114-05:00  INFO 33104 --- [JPA-Demo] [restartedMain] o.s.b.w.embedded.tomcat.TomcatWebServer  : Tomcat initialized with port 8080 (http)
2025-12-18T16:02:15.127-05:00  INFO 33104 --- [JPA-Demo] [restartedMain] o.apache.catalina.core.StandardService   : Starting service [Tomcat]
2025-12-18T16:02:15.127-05:00  INFO 33104 --- [JPA-Demo] [restartedMain] o.apache.catalina.core.StandardEngine    : Starting Servlet engine: [Apache Tomcat/10.1.46]
2025-12-18T16:02:15.177-05:00  INFO 33104 --- [JPA-Demo] [restartedMain] o.a.c.c.C.[Tomcat].[localhost].[/]       : Initializing Spring embedded WebApplicationContext
2025-12-18T16:02:15.178-05:00  INFO 33104 --- [JPA-Demo] [restartedMain] w.s.c.ServletWebServerApplicationContext : Root WebApplicationContext: initialization completed in 1594 ms
2025-12-18T16:02:15.374-05:00  INFO 33104 --- [JPA-Demo] [restartedMain] o.hibernate.jpa.internal.util.LogHelper  : HHH000204: Processing PersistenceUnitInfo [name: default]
2025-12-18T16:02:15.420-05:00  INFO 33104 --- [JPA-Demo] [restartedMain] org.hibernate.Version                    : HHH000412: Hibernate ORM core version 6.6.29.Final
2025-12-18T16:02:15.449-05:00  INFO 33104 --- [JPA-Demo] [restartedMain] o.h.c.internal.RegionFactoryInitiator    : HHH000026: Second-level cache disabled
2025-12-18T16:02:15.723-05:00  INFO 33104 --- [JPA-Demo] [restartedMain] o.s.o.j.p.SpringPersistenceUnitInfo      : No LoadTimeWeaver setup: ignoring JPA class transformer
2025-12-18T16:02:15.756-05:00  INFO 33104 --- [JPA-Demo] [restartedMain] com.zaxxer.hikari.HikariDataSource       : HikariPool-1 - Starting...
2025-12-18T16:02:16.088-05:00  INFO 33104 --- [JPA-Demo] [restartedMain] com.zaxxer.hikari.pool.HikariPool        : HikariPool-1 - Added connection com.mysql.cj.jdbc.ConnectionImpl@67dc6d2c
2025-12-18T16:02:16.090-05:00  INFO 33104 --- [JPA-Demo] [restartedMain] com.zaxxer.hikari.HikariDataSource       : HikariPool-1 - Start completed.
2025-12-18T16:02:16.166-05:00  INFO 33104 --- [JPA-Demo] [restartedMain] org.hibernate.orm.connections.pooling    : HHH10001005: Database info:
	Database JDBC URL [Connecting through datasource 'HikariDataSource (HikariPool-1)']
	Database driver: undefined/unknown
	Database version: 8.0.34
	Autocommit mode: undefined/unknown
	Isolation level: undefined/unknown
	Minimum pool size: undefined/unknown
	Maximum pool size: undefined/unknown
2025-12-18T16:02:17.030-05:00  INFO 33104 --- [JPA-Demo] [restartedMain] o.h.e.t.j.p.i.JtaPlatformInitiator       : HHH000489: No JTA platform available (set 'hibernate.transaction.jta.platform' to enable JTA platform integration)
2025-12-18T16:02:17.098-05:00  INFO 33104 --- [JPA-Demo] [restartedMain] j.LocalContainerEntityManagerFactoryBean : Initialized JPA EntityManagerFactory for persistence unit 'default'
2025-12-18T16:02:17.547-05:00  WARN 33104 --- [JPA-Demo] [restartedMain] JpaBaseConfiguration$JpaWebConfiguration : spring.jpa.open-in-view is enabled by default. Therefore, database queries may be performed during view rendering. Explicitly configure spring.jpa.open-in-view to disable this warning
2025-12-18T16:02:17.746-05:00  WARN 33104 --- [JPA-Demo] [restartedMain] .s.s.UserDetailsServiceAutoConfiguration : 

Using generated security password: 5b317b1e-fa98-4f7e-b7e6-3ffa0a240a89

This generated password is for development use only. Your security configuration must be updated before running your application in production.

2025-12-18T16:02:17.752-05:00  INFO 33104 --- [JPA-Demo] [restartedMain] r$InitializeUserDetailsManagerConfigurer : Global AuthenticationManager configured with UserDetailsService bean with name inMemoryUserDetailsManager
2025-12-18T16:02:18.147-05:00  INFO 33104 --- [JPA-Demo] [restartedMain] o.s.b.a.h2.H2ConsoleAutoConfiguration    : H2 console available at '/h2-console'. Database available at 'jdbc:mysql://localhost:3306/pokemon'
2025-12-18T16:02:18.207-05:00  INFO 33104 --- [JPA-Demo] [restartedMain] o.s.b.d.a.OptionalLiveReloadServer       : LiveReload server is running on port 35729
2025-12-18T16:02:18.241-05:00  INFO 33104 --- [JPA-Demo] [restartedMain] o.s.b.w.embedded.tomcat.TomcatWebServer  : Tomcat started on port 8080 (http) with context path '/'
2025-12-18T16:02:18.249-05:00  INFO 33104 --- [JPA-Demo] [restartedMain] org.example.jpademo.JpaDemoApplication   : Started JpaDemoApplication in 5.292 seconds (process running for 6.057)
2025-12-18T16:02:25.832-05:00  INFO 33104 --- [JPA-Demo] [tomcat-handler-0] o.a.c.c.C.[Tomcat].[localhost].[/]       : Initializing Spring DispatcherServlet 'dispatcherServlet'
2025-12-18T16:02:25.833-05:00  INFO 33104 --- [JPA-Demo] [tomcat-handler-0] o.s.web.servlet.DispatcherServlet        : Initializing Servlet 'dispatcherServlet'
2025-12-18T16:02:25.837-05:00  INFO 33104 --- [JPA-Demo] [tomcat-handler-0] o.s.web.servlet.DispatcherServlet        : Completed initialization in 3 ms
2025-12-18T16:05:38.335-05:00  WARN 33104 --- [JPA-Demo] [tomcat-handler-39] .w.s.m.s.DefaultHandlerExceptionResolver : Resolved [org.springframework.http.converter.HttpMessageNotReadableException: Required request body is missing: public java.lang.String org.example.jpademo.controller.HomeController.postSignupPage(org.example.jpademo.dto.UserSignupDto)]
2025-12-18T16:06:25.534-05:00  WARN 33104 --- [JPA-Demo] [tomcat-handler-48] .w.s.m.s.DefaultHandlerExceptionResolver : Resolved [org.springframework.http.converter.HttpMessageNotReadableException: Required request body is missing: public java.lang.String org.example.jpademo.controller.HomeController.postSignupPage(org.example.jpademo.dto.UserSignupDto)]
2025-12-18T16:11:43.002-05:00  INFO 33104 --- [JPA-Demo] [File Watcher] rtingClassPathChangeChangedEventListener : Restarting due to 1 class path change (0 additions, 1 deletion, 0 modifications)
2025-12-18T16:11:43.006-05:00  INFO 33104 --- [JPA-Demo] [Thread-5] o.s.b.w.e.tomcat.GracefulShutdown        : Commencing graceful shutdown. Waiting for active requests to complete
2025-12-18T16:11:43.014-05:00  INFO 33104 --- [JPA-Demo] [tomcat-shutdown] o.s.b.w.e.tomcat.GracefulShutdown        : Graceful shutdown complete
2025-12-18T16:11:43.018-05:00  INFO 33104 --- [JPA-Demo] [Thread-5] j.LocalContainerEntityManagerFactoryBean : Closing JPA EntityManagerFactory for persistence unit 'default'
2025-12-18T16:11:43.021-05:00  INFO 33104 --- [JPA-Demo] [Thread-5] com.zaxxer.hikari.HikariDataSource       : HikariPool-1 - Shutdown initiated...
2025-12-18T16:11:43.029-05:00  INFO 33104 --- [JPA-Demo] [Thread-5] com.zaxxer.hikari.HikariDataSource       : HikariPool-1 - Shutdown completed.
2025-12-18T16:11:43.120-05:00  INFO 33104 --- [JPA-Demo] [restartedMain] org.example.jpademo.JpaDemoApplication   : Starting JpaDemoApplication using Java 25 with PID 33104 (C:\Users\murta\Dropbox\PC\Downloads\College Course Books & Materials\Java\JPA-Demo\target\classes started by murta in C:\Users\murta\Dropbox\PC\Downloads\College Course Books & Materials\Java\JPA-Demo)
2025-12-18T16:11:43.120-05:00  INFO 33104 --- [JPA-Demo] [restartedMain] org.example.jpademo.JpaDemoApplication   : No active profile set, falling back to 1 default profile: "default"
2025-12-18T16:11:43.440-05:00  INFO 33104 --- [JPA-Demo] [restartedMain] .s.d.r.c.RepositoryConfigurationDelegate : Bootstrapping Spring Data JPA repositories in DEFAULT mode.
2025-12-18T16:11:43.475-05:00  INFO 33104 --- [JPA-Demo] [restartedMain] .s.d.r.c.RepositoryConfigurationDelegate : Finished Spring Data repository scanning in 33 ms. Found 2 JPA repository interfaces.
2025-12-18T16:11:43.635-05:00  INFO 33104 --- [JPA-Demo] [restartedMain] o.s.b.w.embedded.tomcat.TomcatWebServer  : Tomcat initialized with port 8080 (http)
2025-12-18T16:11:43.639-05:00  INFO 33104 --- [JPA-Demo] [restartedMain] o.apache.catalina.core.StandardService   : Starting service [Tomcat]
2025-12-18T16:11:43.639-05:00  INFO 33104 --- [JPA-Demo] [restartedMain] o.apache.catalina.core.StandardEngine    : Starting Servlet engine: [Apache Tomcat/10.1.46]
2025-12-18T16:11:43.670-05:00  INFO 33104 --- [JPA-Demo] [restartedMain] o.a.c.c.C.[Tomcat].[localhost].[/]       : Initializing Spring embedded WebApplicationContext
2025-12-18T16:11:43.670-05:00  INFO 33104 --- [JPA-Demo] [restartedMain] w.s.c.ServletWebServerApplicationContext : Root WebApplicationContext: initialization completed in 548 ms
2025-12-18T16:11:43.747-05:00  INFO 33104 --- [JPA-Demo] [restartedMain] o.hibernate.jpa.internal.util.LogHelper  : HHH000204: Processing PersistenceUnitInfo [name: default]
2025-12-18T16:11:43.749-05:00  INFO 33104 --- [JPA-Demo] [restartedMain] o.h.c.internal.RegionFactoryInitiator    : HHH000026: Second-level cache disabled
2025-12-18T16:11:43.761-05:00  INFO 33104 --- [JPA-Demo] [restartedMain] o.s.o.j.p.SpringPersistenceUnitInfo      : No LoadTimeWeaver setup: ignoring JPA class transformer
2025-12-18T16:11:43.762-05:00  INFO 33104 --- [JPA-Demo] [restartedMain] com.zaxxer.hikari.HikariDataSource       : HikariPool-2 - Starting...
2025-12-18T16:11:43.786-05:00  INFO 33104 --- [JPA-Demo] [restartedMain] com.zaxxer.hikari.pool.HikariPool        : HikariPool-2 - Added connection com.mysql.cj.jdbc.ConnectionImpl@27ed527b
2025-12-18T16:11:43.786-05:00  INFO 33104 --- [JPA-Demo] [restartedMain] com.zaxxer.hikari.HikariDataSource       : HikariPool-2 - Start completed.
2025-12-18T16:11:43.787-05:00  INFO 33104 --- [JPA-Demo] [restartedMain] org.hibernate.orm.connections.pooling    : HHH10001005: Database info:
	Database JDBC URL [Connecting through datasource 'HikariDataSource (HikariPool-2)']
	Database driver: undefined/unknown
	Database version: 8.0.34
	Autocommit mode: undefined/unknown
	Isolation level: undefined/unknown
	Minimum pool size: undefined/unknown
	Maximum pool size: undefined/unknown
2025-12-18T16:11:43.849-05:00  INFO 33104 --- [JPA-Demo] [restartedMain] o.h.e.t.j.p.i.JtaPlatformInitiator       : HHH000489: No JTA platform available (set 'hibernate.transaction.jta.platform' to enable JTA platform integration)
2025-12-18T16:11:43.879-05:00  INFO 33104 --- [JPA-Demo] [restartedMain] j.LocalContainerEntityManagerFactoryBean : Initialized JPA EntityManagerFactory for persistence unit 'default'
2025-12-18T16:11:44.000-05:00  WARN 33104 --- [JPA-Demo] [restartedMain] JpaBaseConfiguration$JpaWebConfiguration : spring.jpa.open-in-view is enabled by default. Therefore, database queries may be performed during view rendering. Explicitly configure spring.jpa.open-in-view to disable this warning
2025-12-18T16:11:44.080-05:00  WARN 33104 --- [JPA-Demo] [restartedMain] .s.s.UserDetailsServiceAutoConfiguration : 

Using generated security password: eb1bddbe-d255-48f6-89b9-4ae7131890db

This generated password is for development use only. Your security configuration must be updated before running your application in production.

2025-12-18T16:11:44.081-05:00  INFO 33104 --- [JPA-Demo] [restartedMain] r$InitializeUserDetailsManagerConfigurer : Global AuthenticationManager configured with UserDetailsService bean with name inMemoryUserDetailsManager
2025-12-18T16:11:44.186-05:00  INFO 33104 --- [JPA-Demo] [restartedMain] o.s.b.a.h2.H2ConsoleAutoConfiguration    : H2 console available at '/h2-console'. Database available at 'jdbc:mysql://localhost:3306/pokemon'
2025-12-18T16:11:44.209-05:00  INFO 33104 --- [JPA-Demo] [restartedMain] o.s.b.d.a.OptionalLiveReloadServer       : LiveReload server is running on port 35729
2025-12-18T16:11:44.220-05:00  INFO 33104 --- [JPA-Demo] [restartedMain] o.s.b.w.embedded.tomcat.TomcatWebServer  : Tomcat started on port 8080 (http) with context path '/'
2025-12-18T16:11:44.223-05:00  INFO 33104 --- [JPA-Demo] [restartedMain] org.example.jpademo.JpaDemoApplication   : Started JpaDemoApplication in 1.133 seconds (process running for 572.032)
2025-12-18T16:11:44.226-05:00  INFO 33104 --- [JPA-Demo] [restartedMain] .ConditionEvaluationDeltaLoggingListener : Condition evaluation unchanged
2025-12-18T16:11:44.482-05:00  INFO 33104 --- [JPA-Demo] [SpringApplicationShutdownHook] o.s.b.w.e.tomcat.GracefulShutdown        : Commencing graceful shutdown. Waiting for active requests to complete
2025-12-18T16:11:44.489-05:00  INFO 33104 --- [JPA-Demo] [tomcat-shutdown] o.s.b.w.e.tomcat.GracefulShutdown        : Graceful shutdown complete
2025-12-18T16:11:44.492-05:00  INFO 33104 --- [JPA-Demo] [SpringApplicationShutdownHook] j.LocalContainerEntityManagerFactoryBean : Closing JPA EntityManagerFactory for persistence unit 'default'
2025-12-18T16:11:44.492-05:00  INFO 33104 --- [JPA-Demo] [SpringApplicationShutdownHook] com.zaxxer.hikari.HikariDataSource       : HikariPool-2 - Shutdown initiated...
2025-12-18T16:11:44.502-05:00  INFO 33104 --- [JPA-Demo] [SpringApplicationShutdownHook] com.zaxxer.hikari.HikariDataSource       : HikariPool-2 - Shutdown completed.
2025-12-18T16:11:46.535-05:00  INFO 15032 --- [JPA-Demo] [restartedMain] org.example.jpademo.JpaDemoApplication   : Starting JpaDemoApplication using Java 25 with PID 15032 (C:\Users\murta\Dropbox\PC\Downloads\College Course Books & Materials\Java\JPA-Demo\target\classes started by murta in C:\Users\murta\Dropbox\PC\Downloads\College Course Books & Materials\Java\JPA-Demo)
2025-12-18T16:11:46.537-05:00  INFO 15032 --- [JPA-Demo] [restartedMain] org.example.jpademo.JpaDemoApplication   : No active profile set, falling back to 1 default profile: "default"
2025-12-18T16:11:46.591-05:00  INFO 15032 --- [JPA-Demo] [restartedMain] .e.DevToolsPropertyDefaultsPostProcessor : Devtools property defaults active! Set 'spring.devtools.add-properties' to 'false' to disable
2025-12-18T16:11:46.592-05:00  INFO 15032 --- [JPA-Demo] [restartedMain] .e.DevToolsPropertyDefaultsPostProcessor : For additional web related logging consider setting the 'logging.level.web' property to 'DEBUG'
2025-12-18T16:11:47.510-05:00  INFO 15032 --- [JPA-Demo] [restartedMain] .s.d.r.c.RepositoryConfigurationDelegate : Bootstrapping Spring Data JPA repositories in DEFAULT mode.
2025-12-18T16:11:47.570-05:00  INFO 15032 --- [JPA-Demo] [restartedMain] .s.d.r.c.RepositoryConfigurationDelegate : Finished Spring Data repository scanning in 49 ms. Found 2 JPA repository interfaces.
2025-12-18T16:11:48.253-05:00  INFO 15032 --- [JPA-Demo] [restartedMain] o.s.b.w.embedded.tomcat.TomcatWebServer  : Tomcat initialized with port 8080 (http)
2025-12-18T16:11:48.267-05:00  INFO 15032 --- [JPA-Demo] [restartedMain] o.apache.catalina.core.StandardService   : Starting service [Tomcat]
2025-12-18T16:11:48.267-05:00  INFO 15032 --- [JPA-Demo] [restartedMain] o.apache.catalina.core.StandardEngine    : Starting Servlet engine: [Apache Tomcat/10.1.46]
2025-12-18T16:11:48.322-05:00  INFO 15032 --- [JPA-Demo] [restartedMain] o.a.c.c.C.[Tomcat].[localhost].[/]       : Initializing Spring embedded WebApplicationContext
2025-12-18T16:11:48.322-05:00  INFO 15032 --- [JPA-Demo] [restartedMain] w.s.c.ServletWebServerApplicationContext : Root WebApplicationContext: initialization completed in 1730 ms
2025-12-18T16:11:48.674-05:00  INFO 15032 --- [JPA-Demo] [restartedMain] o.hibernate.jpa.internal.util.LogHelper  : HHH000204: Processing PersistenceUnitInfo [name: default]
2025-12-18T16:11:48.814-05:00  INFO 15032 --- [JPA-Demo] [restartedMain] org.hibernate.Version                    : HHH000412: Hibernate ORM core version 6.6.29.Final
2025-12-18T16:11:48.898-05:00  INFO 15032 --- [JPA-Demo] [restartedMain] o.h.c.internal.RegionFactoryInitiator    : HHH000026: Second-level cache disabled
2025-12-18T16:11:49.398-05:00  INFO 15032 --- [JPA-Demo] [restartedMain] o.s.o.j.p.SpringPersistenceUnitInfo      : No LoadTimeWeaver setup: ignoring JPA class transformer
2025-12-18T16:11:49.455-05:00  INFO 15032 --- [JPA-Demo] [restartedMain] com.zaxxer.hikari.HikariDataSource       : HikariPool-1 - Starting...
2025-12-18T16:11:50.167-05:00  INFO 15032 --- [JPA-Demo] [restartedMain] com.zaxxer.hikari.pool.HikariPool        : HikariPool-1 - Added connection com.mysql.cj.jdbc.ConnectionImpl@f86669b
2025-12-18T16:11:50.170-05:00  INFO 15032 --- [JPA-Demo] [restartedMain] com.zaxxer.hikari.HikariDataSource       : HikariPool-1 - Start completed.
2025-12-18T16:11:50.317-05:00  INFO 15032 --- [JPA-Demo] [restartedMain] org.hibernate.orm.connections.pooling    : HHH10001005: Database info:
	Database JDBC URL [Connecting through datasource 'HikariDataSource (HikariPool-1)']
	Database driver: undefined/unknown
	Database version: 8.0.34
	Autocommit mode: undefined/unknown
	Isolation level: undefined/unknown
	Minimum pool size: undefined/unknown
	Maximum pool size: undefined/unknown
2025-12-18T16:11:51.712-05:00  INFO 15032 --- [JPA-Demo] [restartedMain] o.h.e.t.j.p.i.JtaPlatformInitiator       : HHH000489: No JTA platform available (set 'hibernate.transaction.jta.platform' to enable JTA platform integration)
2025-12-18T16:11:51.813-05:00  INFO 15032 --- [JPA-Demo] [restartedMain] j.LocalContainerEntityManagerFactoryBean : Initialized JPA EntityManagerFactory for persistence unit 'default'
2025-12-18T16:11:52.562-05:00  WARN 15032 --- [JPA-Demo] [restartedMain] JpaBaseConfiguration$JpaWebConfiguration : spring.jpa.open-in-view is enabled by default. Therefore, database queries may be performed during view rendering. Explicitly configure spring.jpa.open-in-view to disable this warning
2025-12-18T16:11:53.126-05:00  WARN 15032 --- [JPA-Demo] [restartedMain] .s.s.UserDetailsServiceAutoConfiguration : 

Using generated security password: 927cb30d-9a52-4935-951c-4b2febed421c

This generated password is for development use only. Your security configuration must be updated before running your application in production.

2025-12-18T16:11:53.145-05:00  INFO 15032 --- [JPA-Demo] [restartedMain] r$InitializeUserDetailsManagerConfigurer : Global AuthenticationManager configured with UserDetailsService bean with name inMemoryUserDetailsManager
2025-12-18T16:11:53.999-05:00  INFO 15032 --- [JPA-Demo] [restartedMain] o.s.b.a.h2.H2ConsoleAutoConfiguration    : H2 console available at '/h2-console'. Database available at 'jdbc:mysql://localhost:3306/pokemon'
2025-12-18T16:11:54.101-05:00  INFO 15032 --- [JPA-Demo] [restartedMain] o.s.b.d.a.OptionalLiveReloadServer       : LiveReload server is running on port 35729
2025-12-18T16:11:54.144-05:00  INFO 15032 --- [JPA-Demo] [restartedMain] o.s.b.w.embedded.tomcat.TomcatWebServer  : Tomcat started on port 8080 (http) with context path '/'
2025-12-18T16:11:54.157-05:00  INFO 15032 --- [JPA-Demo] [restartedMain] org.example.jpademo.JpaDemoApplication   : Started JpaDemoApplication in 8.148 seconds (process running for 8.947)
2025-12-18T16:11:56.124-05:00  INFO 15032 --- [JPA-Demo] [tomcat-handler-1] o.a.c.c.C.[Tomcat].[localhost].[/]       : Initializing Spring DispatcherServlet 'dispatcherServlet'
2025-12-18T16:11:56.125-05:00  INFO 15032 --- [JPA-Demo] [tomcat-handler-1] o.s.web.servlet.DispatcherServlet        : Initializing Servlet 'dispatcherServlet'
2025-12-18T16:11:56.126-05:00  INFO 15032 --- [JPA-Demo] [tomcat-handler-1] o.s.web.servlet.DispatcherServlet        : Completed initialization in 1 ms
2025-12-18T16:11:56.238-05:00  WARN 15032 --- [JPA-Demo] [tomcat-handler-1] .w.s.m.s.DefaultHandlerExceptionResolver : Resolved [org.springframework.http.converter.HttpMessageNotReadableException: Required request body is missing: public java.lang.String org.example.jpademo.controller.HomeController.postSignupPage(org.example.jpademo.dto.UserSignupDto)]
2025-12-18T16:12:03.813-05:00  WARN 15032 --- [JPA-Demo] [tomcat-handler-3] .w.s.m.s.DefaultHandlerExceptionResolver : Resolved [org.springframework.http.converter.HttpMessageNotReadableException: Required request body is missing: public java.lang.String org.example.jpademo.controller.HomeController.postSignupPage(org.example.jpademo.dto.UserSignupDto)]
2025-12-18T16:13:26.027-05:00  WARN 15032 --- [JPA-Demo] [tomcat-handler-7] .w.s.m.s.DefaultHandlerExceptionResolver : Resolved [org.springframework.http.converter.HttpMessageNotReadableException: Required request body is missing: public java.lang.String org.example.jpademo.controller.HomeController.postSignupPage(org.example.jpademo.dto.UserSignupDto)]
2025-12-18T16:13:27.673-05:00  INFO 15032 --- [JPA-Demo] [File Watcher] rtingClassPathChangeChangedEventListener : Restarting due to 1 class path change (0 additions, 1 deletion, 0 modifications)
2025-12-18T16:13:27.679-05:00  INFO 15032 --- [JPA-Demo] [Thread-5] o.s.b.w.e.tomcat.GracefulShutdown        : Commencing graceful shutdown. Waiting for active requests to complete
2025-12-18T16:13:27.694-05:00  INFO 15032 --- [JPA-Demo] [tomcat-shutdown] o.s.b.w.e.tomcat.GracefulShutdown        : Graceful shutdown complete
2025-12-18T16:13:27.702-05:00  INFO 15032 --- [JPA-Demo] [Thread-5] j.LocalContainerEntityManagerFactoryBean : Closing JPA EntityManagerFactory for persistence unit 'default'
2025-12-18T16:13:27.706-05:00  INFO 15032 --- [JPA-Demo] [Thread-5] com.zaxxer.hikari.HikariDataSource       : HikariPool-1 - Shutdown initiated...
2025-12-18T16:13:27.723-05:00  INFO 15032 --- [JPA-Demo] [Thread-5] com.zaxxer.hikari.HikariDataSource       : HikariPool-1 - Shutdown completed.
2025-12-18T16:13:27.868-05:00  INFO 15032 --- [JPA-Demo] [restartedMain] org.example.jpademo.JpaDemoApplication   : Starting JpaDemoApplication using Java 25 with PID 15032 (C:\Users\murta\Dropbox\PC\Downloads\College Course Books & Materials\Java\JPA-Demo\target\classes started by murta in C:\Users\murta\Dropbox\PC\Downloads\College Course Books & Materials\Java\JPA-Demo)
2025-12-18T16:13:27.869-05:00  INFO 15032 --- [JPA-Demo] [restartedMain] org.example.jpademo.JpaDemoApplication   : No active profile set, falling back to 1 default profile: "default"
2025-12-18T16:13:28.413-05:00  INFO 15032 --- [JPA-Demo] [restartedMain] .s.d.r.c.RepositoryConfigurationDelegate : Bootstrapping Spring Data JPA repositories in DEFAULT mode.
2025-12-18T16:13:28.436-05:00  INFO 15032 --- [JPA-Demo] [restartedMain] .s.d.r.c.RepositoryConfigurationDelegate : Finished Spring Data repository scanning in 20 ms. Found 2 JPA repository interfaces.
2025-12-18T16:13:28.592-05:00  INFO 15032 --- [JPA-Demo] [restartedMain] o.s.b.w.embedded.tomcat.TomcatWebServer  : Tomcat initialized with port 8080 (http)
2025-12-18T16:13:28.593-05:00  INFO 15032 --- [JPA-Demo] [restartedMain] o.apache.catalina.core.StandardService   : Starting service [Tomcat]
2025-12-18T16:13:28.593-05:00  INFO 15032 --- [JPA-Demo] [restartedMain] o.apache.catalina.core.StandardEngine    : Starting Servlet engine: [Apache Tomcat/10.1.46]
2025-12-18T16:13:28.625-05:00  INFO 15032 --- [JPA-Demo] [restartedMain] o.a.c.c.C.[Tomcat].[localhost].[/]       : Initializing Spring embedded WebApplicationContext
2025-12-18T16:13:28.626-05:00  INFO 15032 --- [JPA-Demo] [restartedMain] w.s.c.ServletWebServerApplicationContext : Root WebApplicationContext: initialization completed in 752 ms
2025-12-18T16:13:28.733-05:00  INFO 15032 --- [JPA-Demo] [restartedMain] o.hibernate.jpa.internal.util.LogHelper  : HHH000204: Processing PersistenceUnitInfo [name: default]
2025-12-18T16:13:28.740-05:00  INFO 15032 --- [JPA-Demo] [restartedMain] o.h.c.internal.RegionFactoryInitiator    : HHH000026: Second-level cache disabled
2025-12-18T16:13:28.753-05:00  INFO 15032 --- [JPA-Demo] [restartedMain] o.s.o.j.p.SpringPersistenceUnitInfo      : No LoadTimeWeaver setup: ignoring JPA class transformer
2025-12-18T16:13:28.756-05:00  INFO 15032 --- [JPA-Demo] [restartedMain] com.zaxxer.hikari.HikariDataSource       : HikariPool-2 - Starting...
2025-12-18T16:13:28.790-05:00  INFO 15032 --- [JPA-Demo] [restartedMain] com.zaxxer.hikari.pool.HikariPool        : HikariPool-2 - Added connection com.mysql.cj.jdbc.ConnectionImpl@3b10fe76
2025-12-18T16:13:28.790-05:00  INFO 15032 --- [JPA-Demo] [restartedMain] com.zaxxer.hikari.HikariDataSource       : HikariPool-2 - Start completed.
2025-12-18T16:13:28.794-05:00  INFO 15032 --- [JPA-Demo] [restartedMain] org.hibernate.orm.connections.pooling    : HHH10001005: Database info:
	Database JDBC URL [Connecting through datasource 'HikariDataSource (HikariPool-2)']
	Database driver: undefined/unknown
	Database version: 8.0.34
	Autocommit mode: undefined/unknown
	Isolation level: undefined/unknown
	Minimum pool size: undefined/unknown
	Maximum pool size: undefined/unknown
2025-12-18T16:13:28.912-05:00  INFO 15032 --- [JPA-Demo] [restartedMain] o.h.e.t.j.p.i.JtaPlatformInitiator       : HHH000489: No JTA platform available (set 'hibernate.transaction.jta.platform' to enable JTA platform integration)
2025-12-18T16:13:28.948-05:00  INFO 15032 --- [JPA-Demo] [restartedMain] j.LocalContainerEntityManagerFactoryBean : Initialized JPA EntityManagerFactory for persistence unit 'default'
2025-12-18T16:13:29.116-05:00  WARN 15032 --- [JPA-Demo] [restartedMain] JpaBaseConfiguration$JpaWebConfiguration : spring.jpa.open-in-view is enabled by default. Therefore, database queries may be performed during view rendering. Explicitly configure spring.jpa.open-in-view to disable this warning
2025-12-18T16:13:29.213-05:00  WARN 15032 --- [JPA-Demo] [restartedMain] .s.s.UserDetailsServiceAutoConfiguration : 

Using generated security password: d3eef732-e7ae-44fb-9709-0cd38f6da74c

This generated password is for development use only. Your security configuration must be updated before running your application in production.

2025-12-18T16:13:29.215-05:00  INFO 15032 --- [JPA-Demo] [restartedMain] r$InitializeUserDetailsManagerConfigurer : Global AuthenticationManager configured with UserDetailsService bean with name inMemoryUserDetailsManager
2025-12-18T16:13:29.391-05:00  INFO 15032 --- [JPA-Demo] [restartedMain] o.s.b.a.h2.H2ConsoleAutoConfiguration    : H2 console available at '/h2-console'. Database available at 'jdbc:mysql://localhost:3306/pokemon'
2025-12-18T16:13:29.427-05:00  INFO 15032 --- [JPA-Demo] [restartedMain] o.s.b.d.a.OptionalLiveReloadServer       : LiveReload server is running on port 35729
2025-12-18T16:13:29.442-05:00  INFO 15032 --- [JPA-Demo] [restartedMain] o.s.b.w.embedded.tomcat.TomcatWebServer  : Tomcat started on port 8080 (http) with context path '/'
2025-12-18T16:13:29.446-05:00  INFO 15032 --- [JPA-Demo] [restartedMain] org.example.jpademo.JpaDemoApplication   : Started JpaDemoApplication in 1.636 seconds (process running for 104.236)
2025-12-18T16:13:29.448-05:00  INFO 15032 --- [JPA-Demo] [restartedMain] .ConditionEvaluationDeltaLoggingListener : Condition evaluation unchanged
2025-12-18T16:13:30.862-05:00  INFO 15032 --- [JPA-Demo] [File Watcher] rtingClassPathChangeChangedEventListener : Restarting due to 1 class path change (1 addition, 0 deletions, 0 modifications)
2025-12-18T16:13:30.863-05:00  INFO 15032 --- [JPA-Demo] [Thread-7] o.s.b.w.e.tomcat.GracefulShutdown        : Commencing graceful shutdown. Waiting for active requests to complete
2025-12-18T16:13:30.873-05:00  INFO 15032 --- [JPA-Demo] [tomcat-shutdown] o.s.b.w.e.tomcat.GracefulShutdown        : Graceful shutdown complete
2025-12-18T16:13:30.877-05:00  INFO 15032 --- [JPA-Demo] [Thread-7] j.LocalContainerEntityManagerFactoryBean : Closing JPA EntityManagerFactory for persistence unit 'default'
2025-12-18T16:13:30.877-05:00  INFO 15032 --- [JPA-Demo] [Thread-7] com.zaxxer.hikari.HikariDataSource       : HikariPool-2 - Shutdown initiated...
2025-12-18T16:13:30.887-05:00  INFO 15032 --- [JPA-Demo] [Thread-7] com.zaxxer.hikari.HikariDataSource       : HikariPool-2 - Shutdown completed.
2025-12-18T16:13:31.075-05:00  INFO 15032 --- [JPA-Demo] [restartedMain] org.example.jpademo.JpaDemoApplication   : Starting JpaDemoApplication using Java 25 with PID 15032 (C:\Users\murta\Dropbox\PC\Downloads\College Course Books & Materials\Java\JPA-Demo\target\classes started by murta in C:\Users\murta\Dropbox\PC\Downloads\College Course Books & Materials\Java\JPA-Demo)
2025-12-18T16:13:31.076-05:00  INFO 15032 --- [JPA-Demo] [restartedMain] org.example.jpademo.JpaDemoApplication   : No active profile set, falling back to 1 default profile: "default"
2025-12-18T16:13:31.454-05:00  INFO 15032 --- [JPA-Demo] [restartedMain] .s.d.r.c.RepositoryConfigurationDelegate : Bootstrapping Spring Data JPA repositories in DEFAULT mode.
2025-12-18T16:13:31.487-05:00  INFO 15032 --- [JPA-Demo] [restartedMain] .s.d.r.c.RepositoryConfigurationDelegate : Finished Spring Data repository scanning in 30 ms. Found 2 JPA repository interfaces.
2025-12-18T16:13:31.641-05:00  INFO 15032 --- [JPA-Demo] [restartedMain] o.s.b.w.embedded.tomcat.TomcatWebServer  : Tomcat initialized with port 8080 (http)
2025-12-18T16:13:31.642-05:00  INFO 15032 --- [JPA-Demo] [restartedMain] o.apache.catalina.core.StandardService   : Starting service [Tomcat]
2025-12-18T16:13:31.642-05:00  INFO 15032 --- [JPA-Demo] [restartedMain] o.apache.catalina.core.StandardEngine    : Starting Servlet engine: [Apache Tomcat/10.1.46]
2025-12-18T16:13:31.688-05:00  INFO 15032 --- [JPA-Demo] [restartedMain] o.a.c.c.C.[Tomcat].[localhost].[/]       : Initializing Spring embedded WebApplicationContext
2025-12-18T16:13:31.688-05:00  INFO 15032 --- [JPA-Demo] [restartedMain] w.s.c.ServletWebServerApplicationContext : Root WebApplicationContext: initialization completed in 605 ms
2025-12-18T16:13:31.784-05:00  INFO 15032 --- [JPA-Demo] [restartedMain] o.hibernate.jpa.internal.util.LogHelper  : HHH000204: Processing PersistenceUnitInfo [name: default]
2025-12-18T16:13:31.790-05:00  INFO 15032 --- [JPA-Demo] [restartedMain] o.h.c.internal.RegionFactoryInitiator    : HHH000026: Second-level cache disabled
2025-12-18T16:13:31.808-05:00  INFO 15032 --- [JPA-Demo] [restartedMain] o.s.o.j.p.SpringPersistenceUnitInfo      : No LoadTimeWeaver setup: ignoring JPA class transformer
2025-12-18T16:13:31.811-05:00  INFO 15032 --- [JPA-Demo] [restartedMain] com.zaxxer.hikari.HikariDataSource       : HikariPool-3 - Starting...
2025-12-18T16:13:31.843-05:00  INFO 15032 --- [JPA-Demo] [restartedMain] com.zaxxer.hikari.pool.HikariPool        : HikariPool-3 - Added connection com.mysql.cj.jdbc.ConnectionImpl@3025751a
2025-12-18T16:13:31.844-05:00  INFO 15032 --- [JPA-Demo] [restartedMain] com.zaxxer.hikari.HikariDataSource       : HikariPool-3 - Start completed.
2025-12-18T16:13:31.847-05:00  INFO 15032 --- [JPA-Demo] [restartedMain] org.hibernate.orm.connections.pooling    : HHH10001005: Database info:
	Database JDBC URL [Connecting through datasource 'HikariDataSource (HikariPool-3)']
	Database driver: undefined/unknown
	Database version: 8.0.34
	Autocommit mode: undefined/unknown
	Isolation level: undefined/unknown
	Minimum pool size: undefined/unknown
	Maximum pool size: undefined/unknown
2025-12-18T16:13:32.006-05:00  INFO 15032 --- [JPA-Demo] [restartedMain] o.h.e.t.j.p.i.JtaPlatformInitiator       : HHH000489: No JTA platform available (set 'hibernate.transaction.jta.platform' to enable JTA platform integration)
2025-12-18T16:13:32.056-05:00  INFO 15032 --- [JPA-Demo] [restartedMain] j.LocalContainerEntityManagerFactoryBean : Initialized JPA EntityManagerFactory for persistence unit 'default'
2025-12-18T16:13:32.316-05:00  WARN 15032 --- [JPA-Demo] [restartedMain] JpaBaseConfiguration$JpaWebConfiguration : spring.jpa.open-in-view is enabled by default. Therefore, database queries may be performed during view rendering. Explicitly configure spring.jpa.open-in-view to disable this warning
2025-12-18T16:13:32.472-05:00  WARN 15032 --- [JPA-Demo] [restartedMain] .s.s.UserDetailsServiceAutoConfiguration : 

Using generated security password: 9312c31e-ccb5-497b-9048-7626c667248f

This generated password is for development use only. Your security configuration must be updated before running your application in production.

2025-12-18T16:13:32.477-05:00  INFO 15032 --- [JPA-Demo] [restartedMain] r$InitializeUserDetailsManagerConfigurer : Global AuthenticationManager configured with UserDetailsService bean with name inMemoryUserDetailsManager
2025-12-18T16:13:32.676-05:00  INFO 15032 --- [JPA-Demo] [restartedMain] o.s.b.a.h2.H2ConsoleAutoConfiguration    : H2 console available at '/h2-console'. Database available at 'jdbc:mysql://localhost:3306/pokemon'
2025-12-18T16:13:32.714-05:00  INFO 15032 --- [JPA-Demo] [restartedMain] o.s.b.d.a.OptionalLiveReloadServer       : LiveReload server is running on port 35729
2025-12-18T16:13:32.748-05:00  INFO 15032 --- [JPA-Demo] [restartedMain] o.s.b.w.embedded.tomcat.TomcatWebServer  : Tomcat started on port 8080 (http) with context path '/'
2025-12-18T16:13:32.758-05:00  INFO 15032 --- [JPA-Demo] [restartedMain] org.example.jpademo.JpaDemoApplication   : Started JpaDemoApplication in 1.765 seconds (process running for 107.548)
2025-12-18T16:13:32.760-05:00  INFO 15032 --- [JPA-Demo] [restartedMain] .ConditionEvaluationDeltaLoggingListener : Condition evaluation unchanged
2025-12-18T16:13:34.701-05:00  INFO 15032 --- [JPA-Demo] [tomcat-handler-1] o.a.c.c.C.[Tomcat].[localhost].[/]       : Initializing Spring DispatcherServlet 'dispatcherServlet'
2025-12-18T16:13:34.701-05:00  INFO 15032 --- [JPA-Demo] [tomcat-handler-1] o.s.web.servlet.DispatcherServlet        : Initializing Servlet 'dispatcherServlet'
2025-12-18T16:13:34.704-05:00  INFO 15032 --- [JPA-Demo] [tomcat-handler-1] o.s.web.servlet.DispatcherServlet        : Completed initialization in 2 ms
2025-12-18T16:13:34.712-05:00  WARN 15032 --- [JPA-Demo] [tomcat-handler-1] .w.s.m.s.DefaultHandlerExceptionResolver : Resolved [org.springframework.http.converter.HttpMessageNotReadableException: Required request body is missing: public java.lang.String org.example.jpademo.controller.HomeController.postSignupPage(org.example.jpademo.dto.UserSignupDto)]
2025-12-18T16:16:14.238-05:00  INFO 15032 --- [JPA-Demo] [File Watcher] rtingClassPathChangeChangedEventListener : Restarting due to 1 class path change (0 additions, 1 deletion, 0 modifications)
2025-12-18T16:16:14.240-05:00  INFO 15032 --- [JPA-Demo] [Thread-11] o.s.b.w.e.tomcat.GracefulShutdown        : Commencing graceful shutdown. Waiting for active requests to complete
2025-12-18T16:16:14.249-05:00  INFO 15032 --- [JPA-Demo] [tomcat-shutdown] o.s.b.w.e.tomcat.GracefulShutdown        : Graceful shutdown complete
2025-12-18T16:16:14.252-05:00  INFO 15032 --- [JPA-Demo] [Thread-11] j.LocalContainerEntityManagerFactoryBean : Closing JPA EntityManagerFactory for persistence unit 'default'
2025-12-18T16:16:14.252-05:00  INFO 15032 --- [JPA-Demo] [Thread-11] com.zaxxer.hikari.HikariDataSource       : HikariPool-3 - Shutdown initiated...
2025-12-18T16:16:14.258-05:00  INFO 15032 --- [JPA-Demo] [Thread-11] com.zaxxer.hikari.HikariDataSource       : HikariPool-3 - Shutdown completed.
2025-12-18T16:16:14.351-05:00  INFO 15032 --- [JPA-Demo] [restartedMain] org.example.jpademo.JpaDemoApplication   : Starting JpaDemoApplication using Java 25 with PID 15032 (C:\Users\murta\Dropbox\PC\Downloads\College Course Books & Materials\Java\JPA-Demo\target\classes started by murta in C:\Users\murta\Dropbox\PC\Downloads\College Course Books & Materials\Java\JPA-Demo)
2025-12-18T16:16:14.351-05:00  INFO 15032 --- [JPA-Demo] [restartedMain] org.example.jpademo.JpaDemoApplication   : No active profile set, falling back to 1 default profile: "default"
2025-12-18T16:16:14.752-05:00  INFO 15032 --- [JPA-Demo] [restartedMain] .s.d.r.c.RepositoryConfigurationDelegate : Bootstrapping Spring Data JPA repositories in DEFAULT mode.
2025-12-18T16:16:14.768-05:00  INFO 15032 --- [JPA-Demo] [restartedMain] .s.d.r.c.RepositoryConfigurationDelegate : Finished Spring Data repository scanning in 15 ms. Found 2 JPA repository interfaces.
2025-12-18T16:16:14.880-05:00  INFO 15032 --- [JPA-Demo] [restartedMain] o.s.b.w.embedded.tomcat.TomcatWebServer  : Tomcat initialized with port 8080 (http)
2025-12-18T16:16:14.882-05:00  INFO 15032 --- [JPA-Demo] [restartedMain] o.apache.catalina.core.StandardService   : Starting service [Tomcat]
2025-12-18T16:16:14.882-05:00  INFO 15032 --- [JPA-Demo] [restartedMain] o.apache.catalina.core.StandardEngine    : Starting Servlet engine: [Apache Tomcat/10.1.46]
2025-12-18T16:16:14.909-05:00  INFO 15032 --- [JPA-Demo] [restartedMain] o.a.c.c.C.[Tomcat].[localhost].[/]       : Initializing Spring embedded WebApplicationContext
2025-12-18T16:16:14.909-05:00  INFO 15032 --- [JPA-Demo] [restartedMain] w.s.c.ServletWebServerApplicationContext : Root WebApplicationContext: initialization completed in 555 ms
2025-12-18T16:16:15.018-05:00  INFO 15032 --- [JPA-Demo] [restartedMain] o.hibernate.jpa.internal.util.LogHelper  : HHH000204: Processing PersistenceUnitInfo [name: default]
2025-12-18T16:16:15.024-05:00  INFO 15032 --- [JPA-Demo] [restartedMain] o.h.c.internal.RegionFactoryInitiator    : HHH000026: Second-level cache disabled
2025-12-18T16:16:15.039-05:00  INFO 15032 --- [JPA-Demo] [restartedMain] o.s.o.j.p.SpringPersistenceUnitInfo      : No LoadTimeWeaver setup: ignoring JPA class transformer
2025-12-18T16:16:15.043-05:00  INFO 15032 --- [JPA-Demo] [restartedMain] com.zaxxer.hikari.HikariDataSource       : HikariPool-4 - Starting...
2025-12-18T16:16:15.077-05:00  INFO 15032 --- [JPA-Demo] [restartedMain] com.zaxxer.hikari.pool.HikariPool        : HikariPool-4 - Added connection com.mysql.cj.jdbc.ConnectionImpl@1fd9c7b3
2025-12-18T16:16:15.078-05:00  INFO 15032 --- [JPA-Demo] [restartedMain] com.zaxxer.hikari.HikariDataSource       : HikariPool-4 - Start completed.
2025-12-18T16:16:15.081-05:00  INFO 15032 --- [JPA-Demo] [restartedMain] org.hibernate.orm.connections.pooling    : HHH10001005: Database info:
	Database JDBC URL [Connecting through datasource 'HikariDataSource (HikariPool-4)']
	Database driver: undefined/unknown
	Database version: 8.0.34
	Autocommit mode: undefined/unknown
	Isolation level: undefined/unknown
	Minimum pool size: undefined/unknown
	Maximum pool size: undefined/unknown
2025-12-18T16:16:15.177-05:00  INFO 15032 --- [JPA-Demo] [restartedMain] o.h.e.t.j.p.i.JtaPlatformInitiator       : HHH000489: No JTA platform available (set 'hibernate.transaction.jta.platform' to enable JTA platform integration)
2025-12-18T16:16:15.225-05:00  INFO 15032 --- [JPA-Demo] [restartedMain] j.LocalContainerEntityManagerFactoryBean : Initialized JPA EntityManagerFactory for persistence unit 'default'
2025-12-18T16:16:15.437-05:00  WARN 15032 --- [JPA-Demo] [restartedMain] JpaBaseConfiguration$JpaWebConfiguration : spring.jpa.open-in-view is enabled by default. Therefore, database queries may be performed during view rendering. Explicitly configure spring.jpa.open-in-view to disable this warning
2025-12-18T16:16:15.590-05:00  WARN 15032 --- [JPA-Demo] [restartedMain] .s.s.UserDetailsServiceAutoConfiguration : 

Using generated security password: 7ae8e11c-058f-472d-bd52-bcf98e061b6e

This generated password is for development use only. Your security configuration must be updated before running your application in production.

2025-12-18T16:16:15.593-05:00  INFO 15032 --- [JPA-Demo] [restartedMain] r$InitializeUserDetailsManagerConfigurer : Global AuthenticationManager configured with UserDetailsService bean with name inMemoryUserDetailsManager
2025-12-18T16:16:15.852-05:00  INFO 15032 --- [JPA-Demo] [restartedMain] o.s.b.a.h2.H2ConsoleAutoConfiguration    : H2 console available at '/h2-console'. Database available at 'jdbc:mysql://localhost:3306/pokemon'
2025-12-18T16:16:15.909-05:00  INFO 15032 --- [JPA-Demo] [restartedMain] o.s.b.d.a.OptionalLiveReloadServer       : LiveReload server is running on port 35729
2025-12-18T16:16:15.934-05:00  INFO 15032 --- [JPA-Demo] [restartedMain] o.s.b.w.embedded.tomcat.TomcatWebServer  : Tomcat started on port 8080 (http) with context path '/'
2025-12-18T16:16:15.939-05:00  INFO 15032 --- [JPA-Demo] [restartedMain] org.example.jpademo.JpaDemoApplication   : Started JpaDemoApplication in 1.622 seconds (process running for 270.729)
2025-12-18T16:16:15.941-05:00  INFO 15032 --- [JPA-Demo] [restartedMain] .ConditionEvaluationDeltaLoggingListener : Condition evaluation unchanged
2025-12-18T16:16:17.383-05:00  INFO 15032 --- [JPA-Demo] [File Watcher] rtingClassPathChangeChangedEventListener : Restarting due to 1 class path change (1 addition, 0 deletions, 0 modifications)
2025-12-18T16:16:17.384-05:00  INFO 15032 --- [JPA-Demo] [Thread-15] o.s.b.w.e.tomcat.GracefulShutdown        : Commencing graceful shutdown. Waiting for active requests to complete
2025-12-18T16:16:17.393-05:00  INFO 15032 --- [JPA-Demo] [tomcat-shutdown] o.s.b.w.e.tomcat.GracefulShutdown        : Graceful shutdown complete
2025-12-18T16:16:17.395-05:00  INFO 15032 --- [JPA-Demo] [Thread-15] j.LocalContainerEntityManagerFactoryBean : Closing JPA EntityManagerFactory for persistence unit 'default'
2025-12-18T16:16:17.395-05:00  INFO 15032 --- [JPA-Demo] [Thread-15] com.zaxxer.hikari.HikariDataSource       : HikariPool-4 - Shutdown initiated...
2025-12-18T16:16:17.405-05:00  INFO 15032 --- [JPA-Demo] [Thread-15] com.zaxxer.hikari.HikariDataSource       : HikariPool-4 - Shutdown completed.
2025-12-18T16:16:17.505-05:00  INFO 15032 --- [JPA-Demo] [restartedMain] org.example.jpademo.JpaDemoApplication   : Starting JpaDemoApplication using Java 25 with PID 15032 (C:\Users\murta\Dropbox\PC\Downloads\College Course Books & Materials\Java\JPA-Demo\target\classes started by murta in C:\Users\murta\Dropbox\PC\Downloads\College Course Books & Materials\Java\JPA-Demo)
2025-12-18T16:16:17.506-05:00  INFO 15032 --- [JPA-Demo] [restartedMain] org.example.jpademo.JpaDemoApplication   : No active profile set, falling back to 1 default profile: "default"
2025-12-18T16:16:17.947-05:00  INFO 15032 --- [JPA-Demo] [restartedMain] .s.d.r.c.RepositoryConfigurationDelegate : Bootstrapping Spring Data JPA repositories in DEFAULT mode.
2025-12-18T16:16:17.964-05:00  INFO 15032 --- [JPA-Demo] [restartedMain] .s.d.r.c.RepositoryConfigurationDelegate : Finished Spring Data repository scanning in 14 ms. Found 2 JPA repository interfaces.
2025-12-18T16:16:18.110-05:00  INFO 15032 --- [JPA-Demo] [restartedMain] o.s.b.w.embedded.tomcat.TomcatWebServer  : Tomcat initialized with port 8080 (http)
2025-12-18T16:16:18.112-05:00  INFO 15032 --- [JPA-Demo] [restartedMain] o.apache.catalina.core.StandardService   : Starting service [Tomcat]
2025-12-18T16:16:18.112-05:00  INFO 15032 --- [JPA-Demo] [restartedMain] o.apache.catalina.core.StandardEngine    : Starting Servlet engine: [Apache Tomcat/10.1.46]
2025-12-18T16:16:18.143-05:00  INFO 15032 --- [JPA-Demo] [restartedMain] o.a.c.c.C.[Tomcat].[localhost].[/]       : Initializing Spring embedded WebApplicationContext
2025-12-18T16:16:18.143-05:00  INFO 15032 --- [JPA-Demo] [restartedMain] w.s.c.ServletWebServerApplicationContext : Root WebApplicationContext: initialization completed in 633 ms
2025-12-18T16:16:18.254-05:00  INFO 15032 --- [JPA-Demo] [restartedMain] o.hibernate.jpa.internal.util.LogHelper  : HHH000204: Processing PersistenceUnitInfo [name: default]
2025-12-18T16:16:18.256-05:00  INFO 15032 --- [JPA-Demo] [restartedMain] o.h.c.internal.RegionFactoryInitiator    : HHH000026: Second-level cache disabled
2025-12-18T16:16:18.272-05:00  INFO 15032 --- [JPA-Demo] [restartedMain] o.s.o.j.p.SpringPersistenceUnitInfo      : No LoadTimeWeaver setup: ignoring JPA class transformer
2025-12-18T16:16:18.275-05:00  INFO 15032 --- [JPA-Demo] [restartedMain] com.zaxxer.hikari.HikariDataSource       : HikariPool-5 - Starting...
2025-12-18T16:16:18.300-05:00  INFO 15032 --- [JPA-Demo] [restartedMain] com.zaxxer.hikari.pool.HikariPool        : HikariPool-5 - Added connection com.mysql.cj.jdbc.ConnectionImpl@6fef1b10
2025-12-18T16:16:18.300-05:00  INFO 15032 --- [JPA-Demo] [restartedMain] com.zaxxer.hikari.HikariDataSource       : HikariPool-5 - Start completed.
2025-12-18T16:16:18.303-05:00  INFO 15032 --- [JPA-Demo] [restartedMain] org.hibernate.orm.connections.pooling    : HHH10001005: Database info:
	Database JDBC URL [Connecting through datasource 'HikariDataSource (HikariPool-5)']
	Database driver: undefined/unknown
	Database version: 8.0.34
	Autocommit mode: undefined/unknown
	Isolation level: undefined/unknown
	Minimum pool size: undefined/unknown
	Maximum pool size: undefined/unknown
2025-12-18T16:16:18.423-05:00  INFO 15032 --- [JPA-Demo] [restartedMain] o.h.e.t.j.p.i.JtaPlatformInitiator       : HHH000489: No JTA platform available (set 'hibernate.transaction.jta.platform' to enable JTA platform integration)
2025-12-18T16:16:18.474-05:00  INFO 15032 --- [JPA-Demo] [restartedMain] j.LocalContainerEntityManagerFactoryBean : Initialized JPA EntityManagerFactory for persistence unit 'default'
2025-12-18T16:16:18.633-05:00  WARN 15032 --- [JPA-Demo] [restartedMain] JpaBaseConfiguration$JpaWebConfiguration : spring.jpa.open-in-view is enabled by default. Therefore, database queries may be performed during view rendering. Explicitly configure spring.jpa.open-in-view to disable this warning
2025-12-18T16:16:18.728-05:00  WARN 15032 --- [JPA-Demo] [restartedMain] .s.s.UserDetailsServiceAutoConfiguration : 

Using generated security password: f8de0e23-081a-4d12-9050-64ece969c08d

This generated password is for development use only. Your security configuration must be updated before running your application in production.

2025-12-18T16:16:18.729-05:00  INFO 15032 --- [JPA-Demo] [restartedMain] r$InitializeUserDetailsManagerConfigurer : Global AuthenticationManager configured with UserDetailsService bean with name inMemoryUserDetailsManager
2025-12-18T16:16:18.910-05:00  INFO 15032 --- [JPA-Demo] [restartedMain] o.s.b.a.h2.H2ConsoleAutoConfiguration    : H2 console available at '/h2-console'. Database available at 'jdbc:mysql://localhost:3306/pokemon'
2025-12-18T16:16:18.959-05:00  INFO 15032 --- [JPA-Demo] [restartedMain] o.s.b.d.a.OptionalLiveReloadServer       : LiveReload server is running on port 35729
2025-12-18T16:16:18.977-05:00  INFO 15032 --- [JPA-Demo] [restartedMain] o.s.b.w.embedded.tomcat.TomcatWebServer  : Tomcat started on port 8080 (http) with context path '/'
2025-12-18T16:16:18.980-05:00  INFO 15032 --- [JPA-Demo] [restartedMain] org.example.jpademo.JpaDemoApplication   : Started JpaDemoApplication in 1.516 seconds (process running for 273.77)
2025-12-18T16:16:18.981-05:00  INFO 15032 --- [JPA-Demo] [restartedMain] .ConditionEvaluationDeltaLoggingListener : Condition evaluation unchanged
2025-12-18T16:16:19.668-05:00  INFO 15032 --- [JPA-Demo] [tomcat-handler-1] o.a.c.c.C.[Tomcat].[localhost].[/]       : Initializing Spring DispatcherServlet 'dispatcherServlet'
2025-12-18T16:16:19.669-05:00  INFO 15032 --- [JPA-Demo] [tomcat-handler-1] o.s.web.servlet.DispatcherServlet        : Initializing Servlet 'dispatcherServlet'
2025-12-18T16:16:19.671-05:00  INFO 15032 --- [JPA-Demo] [tomcat-handler-1] o.s.web.servlet.DispatcherServlet        : Completed initialization in 2 ms
2025-12-18T16:16:25.377-05:00  INFO 15032 --- [JPA-Demo] [SpringApplicationShutdownHook] o.s.b.w.e.tomcat.GracefulShutdown        : Commencing graceful shutdown. Waiting for active requests to complete
2025-12-18T16:16:25.387-05:00  INFO 15032 --- [JPA-Demo] [tomcat-shutdown] o.s.b.w.e.tomcat.GracefulShutdown        : Graceful shutdown complete
2025-12-18T16:16:25.389-05:00  INFO 15032 --- [JPA-Demo] [SpringApplicationShutdownHook] j.LocalContainerEntityManagerFactoryBean : Closing JPA EntityManagerFactory for persistence unit 'default'
2025-12-18T16:16:25.389-05:00  INFO 15032 --- [JPA-Demo] [SpringApplicationShutdownHook] com.zaxxer.hikari.HikariDataSource       : HikariPool-5 - Shutdown initiated...
2025-12-18T16:16:25.398-05:00  INFO 15032 --- [JPA-Demo] [SpringApplicationShutdownHook] com.zaxxer.hikari.HikariDataSource       : HikariPool-5 - Shutdown completed.
2025-12-18T16:16:27.281-05:00  INFO 13076 --- [JPA-Demo] [restartedMain] org.example.jpademo.JpaDemoApplication   : Starting JpaDemoApplication using Java 25 with PID 13076 (C:\Users\murta\Dropbox\PC\Downloads\College Course Books & Materials\Java\JPA-Demo\target\classes started by murta in C:\Users\murta\Dropbox\PC\Downloads\College Course Books & Materials\Java\JPA-Demo)
2025-12-18T16:16:27.283-05:00  INFO 13076 --- [JPA-Demo] [restartedMain] org.example.jpademo.JpaDemoApplication   : No active profile set, falling back to 1 default profile: "default"
2025-12-18T16:16:27.334-05:00  INFO 13076 --- [JPA-Demo] [restartedMain] .e.DevToolsPropertyDefaultsPostProcessor : Devtools property defaults active! Set 'spring.devtools.add-properties' to 'false' to disable
2025-12-18T16:16:27.334-05:00  INFO 13076 --- [JPA-Demo] [restartedMain] .e.DevToolsPropertyDefaultsPostProcessor : For additional web related logging consider setting the 'logging.level.web' property to 'DEBUG'
2025-12-18T16:16:28.080-05:00  INFO 13076 --- [JPA-Demo] [restartedMain] .s.d.r.c.RepositoryConfigurationDelegate : Bootstrapping Spring Data JPA repositories in DEFAULT mode.
2025-12-18T16:16:28.132-05:00  INFO 13076 --- [JPA-Demo] [restartedMain] .s.d.r.c.RepositoryConfigurationDelegate : Finished Spring Data repository scanning in 44 ms. Found 2 JPA repository interfaces.
2025-12-18T16:16:28.704-05:00  INFO 13076 --- [JPA-Demo] [restartedMain] o.s.b.w.embedded.tomcat.TomcatWebServer  : Tomcat initialized with port 8080 (http)
2025-12-18T16:16:28.717-05:00  INFO 13076 --- [JPA-Demo] [restartedMain] o.apache.catalina.core.StandardService   : Starting service [Tomcat]
2025-12-18T16:16:28.717-05:00  INFO 13076 --- [JPA-Demo] [restartedMain] o.apache.catalina.core.StandardEngine    : Starting Servlet engine: [Apache Tomcat/10.1.46]
2025-12-18T16:16:28.763-05:00  INFO 13076 --- [JPA-Demo] [restartedMain] o.a.c.c.C.[Tomcat].[localhost].[/]       : Initializing Spring embedded WebApplicationContext
2025-12-18T16:16:28.763-05:00  INFO 13076 --- [JPA-Demo] [restartedMain] w.s.c.ServletWebServerApplicationContext : Root WebApplicationContext: initialization completed in 1427 ms
2025-12-18T16:16:28.969-05:00  INFO 13076 --- [JPA-Demo] [restartedMain] o.hibernate.jpa.internal.util.LogHelper  : HHH000204: Processing PersistenceUnitInfo [name: default]
2025-12-18T16:16:29.011-05:00  INFO 13076 --- [JPA-Demo] [restartedMain] org.hibernate.Version                    : HHH000412: Hibernate ORM core version 6.6.29.Final
2025-12-18T16:16:29.037-05:00  INFO 13076 --- [JPA-Demo] [restartedMain] o.h.c.internal.RegionFactoryInitiator    : HHH000026: Second-level cache disabled
2025-12-18T16:16:29.301-05:00  INFO 13076 --- [JPA-Demo] [restartedMain] o.s.o.j.p.SpringPersistenceUnitInfo      : No LoadTimeWeaver setup: ignoring JPA class transformer
2025-12-18T16:16:29.328-05:00  INFO 13076 --- [JPA-Demo] [restartedMain] com.zaxxer.hikari.HikariDataSource       : HikariPool-1 - Starting...
2025-12-18T16:16:29.641-05:00  INFO 13076 --- [JPA-Demo] [restartedMain] com.zaxxer.hikari.pool.HikariPool        : HikariPool-1 - Added connection com.mysql.cj.jdbc.ConnectionImpl@43595fd4
2025-12-18T16:16:29.643-05:00  INFO 13076 --- [JPA-Demo] [restartedMain] com.zaxxer.hikari.HikariDataSource       : HikariPool-1 - Start completed.
2025-12-18T16:16:29.716-05:00  INFO 13076 --- [JPA-Demo] [restartedMain] org.hibernate.orm.connections.pooling    : HHH10001005: Database info:
	Database JDBC URL [Connecting through datasource 'HikariDataSource (HikariPool-1)']
	Database driver: undefined/unknown
	Database version: 8.0.34
	Autocommit mode: undefined/unknown
	Isolation level: undefined/unknown
	Minimum pool size: undefined/unknown
	Maximum pool size: undefined/unknown
2025-12-18T16:16:30.570-05:00  INFO 13076 --- [JPA-Demo] [restartedMain] o.h.e.t.j.p.i.JtaPlatformInitiator       : HHH000489: No JTA platform available (set 'hibernate.transaction.jta.platform' to enable JTA platform integration)
2025-12-18T16:16:30.642-05:00  INFO 13076 --- [JPA-Demo] [restartedMain] j.LocalContainerEntityManagerFactoryBean : Initialized JPA EntityManagerFactory for persistence unit 'default'
2025-12-18T16:16:31.116-05:00  WARN 13076 --- [JPA-Demo] [restartedMain] JpaBaseConfiguration$JpaWebConfiguration : spring.jpa.open-in-view is enabled by default. Therefore, database queries may be performed during view rendering. Explicitly configure spring.jpa.open-in-view to disable this warning
2025-12-18T16:16:31.334-05:00  WARN 13076 --- [JPA-Demo] [restartedMain] .s.s.UserDetailsServiceAutoConfiguration : 

Using generated security password: 85cbed39-dc47-43c6-8633-7308101eb71b

This generated password is for development use only. Your security configuration must be updated before running your application in production.

2025-12-18T16:16:31.341-05:00  INFO 13076 --- [JPA-Demo] [restartedMain] r$InitializeUserDetailsManagerConfigurer : Global AuthenticationManager configured with UserDetailsService bean with name inMemoryUserDetailsManager
2025-12-18T16:16:31.716-05:00  INFO 13076 --- [JPA-Demo] [restartedMain] o.s.b.a.h2.H2ConsoleAutoConfiguration    : H2 console available at '/h2-console'. Database available at 'jdbc:mysql://localhost:3306/pokemon'
2025-12-18T16:16:31.778-05:00  INFO 13076 --- [JPA-Demo] [restartedMain] o.s.b.d.a.OptionalLiveReloadServer       : LiveReload server is running on port 35729
2025-12-18T16:16:31.813-05:00  INFO 13076 --- [JPA-Demo] [restartedMain] o.s.b.w.embedded.tomcat.TomcatWebServer  : Tomcat started on port 8080 (http) with context path '/'
2025-12-18T16:16:31.820-05:00  INFO 13076 --- [JPA-Demo] [restartedMain] org.example.jpademo.JpaDemoApplication   : Started JpaDemoApplication in 4.926 seconds (process running for 5.531)
2025-12-18T16:16:44.563-05:00  INFO 13076 --- [JPA-Demo] [tomcat-handler-0] o.a.c.c.C.[Tomcat].[localhost].[/]       : Initializing Spring DispatcherServlet 'dispatcherServlet'
2025-12-18T16:16:44.564-05:00  INFO 13076 --- [JPA-Demo] [tomcat-handler-0] o.s.web.servlet.DispatcherServlet        : Initializing Servlet 'dispatcherServlet'
2025-12-18T16:16:44.566-05:00  INFO 13076 --- [JPA-Demo] [tomcat-handler-0] o.s.web.servlet.DispatcherServlet        : Completed initialization in 2 ms
2025-12-18T16:18:31.634-05:00  INFO 13076 --- [JPA-Demo] [File Watcher] rtingClassPathChangeChangedEventListener : Restarting due to 1 class path change (0 additions, 1 deletion, 0 modifications)
2025-12-18T16:18:31.641-05:00  INFO 13076 --- [JPA-Demo] [Thread-5] o.s.b.w.e.tomcat.GracefulShutdown        : Commencing graceful shutdown. Waiting for active requests to complete
2025-12-18T16:18:31.655-05:00  INFO 13076 --- [JPA-Demo] [tomcat-shutdown] o.s.b.w.e.tomcat.GracefulShutdown        : Graceful shutdown complete
2025-12-18T16:18:31.662-05:00  INFO 13076 --- [JPA-Demo] [Thread-5] j.LocalContainerEntityManagerFactoryBean : Closing JPA EntityManagerFactory for persistence unit 'default'
2025-12-18T16:18:31.667-05:00  INFO 13076 --- [JPA-Demo] [Thread-5] com.zaxxer.hikari.HikariDataSource       : HikariPool-1 - Shutdown initiated...
2025-12-18T16:18:31.687-05:00  INFO 13076 --- [JPA-Demo] [Thread-5] com.zaxxer.hikari.HikariDataSource       : HikariPool-1 - Shutdown completed.
2025-12-18T16:18:31.831-05:00  INFO 13076 --- [JPA-Demo] [restartedMain] org.example.jpademo.JpaDemoApplication   : Starting JpaDemoApplication using Java 25 with PID 13076 (C:\Users\murta\Dropbox\PC\Downloads\College Course Books & Materials\Java\JPA-Demo\target\classes started by murta in C:\Users\murta\Dropbox\PC\Downloads\College Course Books & Materials\Java\JPA-Demo)
2025-12-18T16:18:31.831-05:00  INFO 13076 --- [JPA-Demo] [restartedMain] org.example.jpademo.JpaDemoApplication   : No active profile set, falling back to 1 default profile: "default"
2025-12-18T16:18:32.340-05:00  INFO 13076 --- [JPA-Demo] [restartedMain] .s.d.r.c.RepositoryConfigurationDelegate : Bootstrapping Spring Data JPA repositories in DEFAULT mode.
2025-12-18T16:18:32.370-05:00  INFO 13076 --- [JPA-Demo] [restartedMain] .s.d.r.c.RepositoryConfigurationDelegate : Finished Spring Data repository scanning in 27 ms. Found 2 JPA repository interfaces.
2025-12-18T16:18:32.627-05:00  INFO 13076 --- [JPA-Demo] [restartedMain] o.s.b.w.embedded.tomcat.TomcatWebServer  : Tomcat initialized with port 8080 (http)
2025-12-18T16:18:32.630-05:00  INFO 13076 --- [JPA-Demo] [restartedMain] o.apache.catalina.core.StandardService   : Starting service [Tomcat]
2025-12-18T16:18:32.630-05:00  INFO 13076 --- [JPA-Demo] [restartedMain] o.apache.catalina.core.StandardEngine    : Starting Servlet engine: [Apache Tomcat/10.1.46]
2025-12-18T16:18:32.687-05:00  INFO 13076 --- [JPA-Demo] [restartedMain] o.a.c.c.C.[Tomcat].[localhost].[/]       : Initializing Spring embedded WebApplicationContext
2025-12-18T16:18:32.688-05:00  INFO 13076 --- [JPA-Demo] [restartedMain] w.s.c.ServletWebServerApplicationContext : Root WebApplicationContext: initialization completed in 852 ms
2025-12-18T16:18:32.826-05:00  INFO 13076 --- [JPA-Demo] [restartedMain] o.hibernate.jpa.internal.util.LogHelper  : HHH000204: Processing PersistenceUnitInfo [name: default]
2025-12-18T16:18:32.831-05:00  INFO 13076 --- [JPA-Demo] [restartedMain] o.h.c.internal.RegionFactoryInitiator    : HHH000026: Second-level cache disabled
2025-12-18T16:18:32.846-05:00  INFO 13076 --- [JPA-Demo] [restartedMain] o.s.o.j.p.SpringPersistenceUnitInfo      : No LoadTimeWeaver setup: ignoring JPA class transformer
2025-12-18T16:18:32.849-05:00  INFO 13076 --- [JPA-Demo] [restartedMain] com.zaxxer.hikari.HikariDataSource       : HikariPool-2 - Starting...
2025-12-18T16:18:32.882-05:00  INFO 13076 --- [JPA-Demo] [restartedMain] com.zaxxer.hikari.pool.HikariPool        : HikariPool-2 - Added connection com.mysql.cj.jdbc.ConnectionImpl@25567e7b
2025-12-18T16:18:32.884-05:00  INFO 13076 --- [JPA-Demo] [restartedMain] com.zaxxer.hikari.HikariDataSource       : HikariPool-2 - Start completed.
2025-12-18T16:18:32.887-05:00  INFO 13076 --- [JPA-Demo] [restartedMain] org.hibernate.orm.connections.pooling    : HHH10001005: Database info:
	Database JDBC URL [Connecting through datasource 'HikariDataSource (HikariPool-2)']
	Database driver: undefined/unknown
	Database version: 8.0.34
	Autocommit mode: undefined/unknown
	Isolation level: undefined/unknown
	Minimum pool size: undefined/unknown
	Maximum pool size: undefined/unknown
2025-12-18T16:18:32.980-05:00  INFO 13076 --- [JPA-Demo] [restartedMain] o.h.e.t.j.p.i.JtaPlatformInitiator       : HHH000489: No JTA platform available (set 'hibernate.transaction.jta.platform' to enable JTA platform integration)
2025-12-18T16:18:33.031-05:00  INFO 13076 --- [JPA-Demo] [restartedMain] j.LocalContainerEntityManagerFactoryBean : Initialized JPA EntityManagerFactory for persistence unit 'default'
2025-12-18T16:18:33.291-05:00  WARN 13076 --- [JPA-Demo] [restartedMain] JpaBaseConfiguration$JpaWebConfiguration : spring.jpa.open-in-view is enabled by default. Therefore, database queries may be performed during view rendering. Explicitly configure spring.jpa.open-in-view to disable this warning
2025-12-18T16:18:33.451-05:00  WARN 13076 --- [JPA-Demo] [restartedMain] .s.s.UserDetailsServiceAutoConfiguration : 

Using generated security password: 4c716cf4-a535-4bcc-bb51-6a1a0789cef9

This generated password is for development use only. Your security configuration must be updated before running your application in production.

2025-12-18T16:18:33.454-05:00  INFO 13076 --- [JPA-Demo] [restartedMain] r$InitializeUserDetailsManagerConfigurer : Global AuthenticationManager configured with UserDetailsService bean with name inMemoryUserDetailsManager
2025-12-18T16:18:33.712-05:00  INFO 13076 --- [JPA-Demo] [restartedMain] o.s.b.a.h2.H2ConsoleAutoConfiguration    : H2 console available at '/h2-console'. Database available at 'jdbc:mysql://localhost:3306/pokemon'
2025-12-18T16:18:33.774-05:00  INFO 13076 --- [JPA-Demo] [restartedMain] o.s.b.d.a.OptionalLiveReloadServer       : LiveReload server is running on port 35729
2025-12-18T16:18:33.795-05:00  INFO 13076 --- [JPA-Demo] [restartedMain] o.s.b.w.embedded.tomcat.TomcatWebServer  : Tomcat started on port 8080 (http) with context path '/'
2025-12-18T16:18:33.800-05:00  INFO 13076 --- [JPA-Demo] [restartedMain] org.example.jpademo.JpaDemoApplication   : Started JpaDemoApplication in 2.026 seconds (process running for 127.511)
2025-12-18T16:18:33.803-05:00  INFO 13076 --- [JPA-Demo] [restartedMain] .ConditionEvaluationDeltaLoggingListener : Condition evaluation unchanged
2025-12-18T16:18:35.211-05:00  INFO 13076 --- [JPA-Demo] [File Watcher] rtingClassPathChangeChangedEventListener : Restarting due to 1 class path change (1 addition, 0 deletions, 0 modifications)
2025-12-18T16:18:35.213-05:00  INFO 13076 --- [JPA-Demo] [Thread-7] o.s.b.w.e.tomcat.GracefulShutdown        : Commencing graceful shutdown. Waiting for active requests to complete
2025-12-18T16:18:35.224-05:00  INFO 13076 --- [JPA-Demo] [tomcat-shutdown] o.s.b.w.e.tomcat.GracefulShutdown        : Graceful shutdown complete
2025-12-18T16:18:35.227-05:00  INFO 13076 --- [JPA-Demo] [Thread-7] j.LocalContainerEntityManagerFactoryBean : Closing JPA EntityManagerFactory for persistence unit 'default'
2025-12-18T16:18:35.227-05:00  INFO 13076 --- [JPA-Demo] [Thread-7] com.zaxxer.hikari.HikariDataSource       : HikariPool-2 - Shutdown initiated...
2025-12-18T16:18:35.237-05:00  INFO 13076 --- [JPA-Demo] [Thread-7] com.zaxxer.hikari.HikariDataSource       : HikariPool-2 - Shutdown completed.
2025-12-18T16:18:35.355-05:00  INFO 13076 --- [JPA-Demo] [restartedMain] org.example.jpademo.JpaDemoApplication   : Starting JpaDemoApplication using Java 25 with PID 13076 (C:\Users\murta\Dropbox\PC\Downloads\College Course Books & Materials\Java\JPA-Demo\target\classes started by murta in C:\Users\murta\Dropbox\PC\Downloads\College Course Books & Materials\Java\JPA-Demo)
2025-12-18T16:18:35.356-05:00  INFO 13076 --- [JPA-Demo] [restartedMain] org.example.jpademo.JpaDemoApplication   : No active profile set, falling back to 1 default profile: "default"
2025-12-18T16:18:35.966-05:00  INFO 13076 --- [JPA-Demo] [restartedMain] .s.d.r.c.RepositoryConfigurationDelegate : Bootstrapping Spring Data JPA repositories in DEFAULT mode.
2025-12-18T16:18:36.017-05:00  INFO 13076 --- [JPA-Demo] [restartedMain] .s.d.r.c.RepositoryConfigurationDelegate : Finished Spring Data repository scanning in 48 ms. Found 2 JPA repository interfaces.
2025-12-18T16:18:36.182-05:00  INFO 13076 --- [JPA-Demo] [restartedMain] o.s.b.w.embedded.tomcat.TomcatWebServer  : Tomcat initialized with port 8080 (http)
2025-12-18T16:18:36.184-05:00  INFO 13076 --- [JPA-Demo] [restartedMain] o.apache.catalina.core.StandardService   : Starting service [Tomcat]
2025-12-18T16:18:36.184-05:00  INFO 13076 --- [JPA-Demo] [restartedMain] o.apache.catalina.core.StandardEngine    : Starting Servlet engine: [Apache Tomcat/10.1.46]
2025-12-18T16:18:36.229-05:00  INFO 13076 --- [JPA-Demo] [restartedMain] o.a.c.c.C.[Tomcat].[localhost].[/]       : Initializing Spring embedded WebApplicationContext
2025-12-18T16:18:36.229-05:00  INFO 13076 --- [JPA-Demo] [restartedMain] w.s.c.ServletWebServerApplicationContext : Root WebApplicationContext: initialization completed in 871 ms
2025-12-18T16:18:36.310-05:00  INFO 13076 --- [JPA-Demo] [restartedMain] o.hibernate.jpa.internal.util.LogHelper  : HHH000204: Processing PersistenceUnitInfo [name: default]
2025-12-18T16:18:36.315-05:00  INFO 13076 --- [JPA-Demo] [restartedMain] o.h.c.internal.RegionFactoryInitiator    : HHH000026: Second-level cache disabled
2025-12-18T16:18:36.328-05:00  INFO 13076 --- [JPA-Demo] [restartedMain] o.s.o.j.p.SpringPersistenceUnitInfo      : No LoadTimeWeaver setup: ignoring JPA class transformer
2025-12-18T16:18:36.331-05:00  INFO 13076 --- [JPA-Demo] [restartedMain] com.zaxxer.hikari.HikariDataSource       : HikariPool-3 - Starting...
2025-12-18T16:18:36.361-05:00  INFO 13076 --- [JPA-Demo] [restartedMain] com.zaxxer.hikari.pool.HikariPool        : HikariPool-3 - Added connection com.mysql.cj.jdbc.ConnectionImpl@5691f8ea
2025-12-18T16:18:36.361-05:00  INFO 13076 --- [JPA-Demo] [restartedMain] com.zaxxer.hikari.HikariDataSource       : HikariPool-3 - Start completed.
2025-12-18T16:18:36.363-05:00  INFO 13076 --- [JPA-Demo] [restartedMain] org.hibernate.orm.connections.pooling    : HHH10001005: Database info:
	Database JDBC URL [Connecting through datasource 'HikariDataSource (HikariPool-3)']
	Database driver: undefined/unknown
	Database version: 8.0.34
	Autocommit mode: undefined/unknown
	Isolation level: undefined/unknown
	Minimum pool size: undefined/unknown
	Maximum pool size: undefined/unknown
2025-12-18T16:18:36.468-05:00  INFO 13076 --- [JPA-Demo] [restartedMain] o.h.e.t.j.p.i.JtaPlatformInitiator       : HHH000489: No JTA platform available (set 'hibernate.transaction.jta.platform' to enable JTA platform integration)
2025-12-18T16:18:36.500-05:00  INFO 13076 --- [JPA-Demo] [restartedMain] j.LocalContainerEntityManagerFactoryBean : Initialized JPA EntityManagerFactory for persistence unit 'default'
2025-12-18T16:18:36.678-05:00  WARN 13076 --- [JPA-Demo] [restartedMain] JpaBaseConfiguration$JpaWebConfiguration : spring.jpa.open-in-view is enabled by default. Therefore, database queries may be performed during view rendering. Explicitly configure spring.jpa.open-in-view to disable this warning
2025-12-18T16:18:36.815-05:00  WARN 13076 --- [JPA-Demo] [restartedMain] .s.s.UserDetailsServiceAutoConfiguration : 

Using generated security password: b6e15c38-75fc-460c-852b-b18f19b1c36f

This generated password is for development use only. Your security configuration must be updated before running your application in production.

2025-12-18T16:18:36.819-05:00  INFO 13076 --- [JPA-Demo] [restartedMain] r$InitializeUserDetailsManagerConfigurer : Global AuthenticationManager configured with UserDetailsService bean with name inMemoryUserDetailsManager
2025-12-18T16:18:37.054-05:00  INFO 13076 --- [JPA-Demo] [restartedMain] o.s.b.a.h2.H2ConsoleAutoConfiguration    : H2 console available at '/h2-console'. Database available at 'jdbc:mysql://localhost:3306/pokemon'
2025-12-18T16:18:37.098-05:00  INFO 13076 --- [JPA-Demo] [restartedMain] o.s.b.d.a.OptionalLiveReloadServer       : LiveReload server is running on port 35729
2025-12-18T16:18:37.117-05:00  INFO 13076 --- [JPA-Demo] [restartedMain] o.s.b.w.embedded.tomcat.TomcatWebServer  : Tomcat started on port 8080 (http) with context path '/'
2025-12-18T16:18:37.122-05:00  INFO 13076 --- [JPA-Demo] [restartedMain] org.example.jpademo.JpaDemoApplication   : Started JpaDemoApplication in 1.815 seconds (process running for 130.832)
2025-12-18T16:18:37.123-05:00  INFO 13076 --- [JPA-Demo] [restartedMain] .ConditionEvaluationDeltaLoggingListener : Condition evaluation unchanged
2025-12-18T16:29:29.029-05:00  INFO 13076 --- [JPA-Demo] [File Watcher] rtingClassPathChangeChangedEventListener : Restarting due to 1 class path change (0 additions, 1 deletion, 0 modifications)
2025-12-18T16:29:29.036-05:00  INFO 13076 --- [JPA-Demo] [Thread-11] o.s.b.w.e.tomcat.GracefulShutdown        : Commencing graceful shutdown. Waiting for active requests to complete
2025-12-18T16:29:29.051-05:00  INFO 13076 --- [JPA-Demo] [tomcat-shutdown] o.s.b.w.e.tomcat.GracefulShutdown        : Graceful shutdown complete
2025-12-18T16:29:29.067-05:00  INFO 13076 --- [JPA-Demo] [Thread-11] j.LocalContainerEntityManagerFactoryBean : Closing JPA EntityManagerFactory for persistence unit 'default'
2025-12-18T16:29:29.070-05:00  INFO 13076 --- [JPA-Demo] [Thread-11] com.zaxxer.hikari.HikariDataSource       : HikariPool-3 - Shutdown initiated...
2025-12-18T16:29:29.088-05:00  INFO 13076 --- [JPA-Demo] [Thread-11] com.zaxxer.hikari.HikariDataSource       : HikariPool-3 - Shutdown completed.
2025-12-18T16:29:29.240-05:00  INFO 13076 --- [JPA-Demo] [restartedMain] org.example.jpademo.JpaDemoApplication   : Starting JpaDemoApplication using Java 25 with PID 13076 (C:\Users\murta\Dropbox\PC\Downloads\College Course Books & Materials\Java\JPA-Demo\target\classes started by murta in C:\Users\murta\Dropbox\PC\Downloads\College Course Books & Materials\Java\JPA-Demo)
2025-12-18T16:29:29.241-05:00  INFO 13076 --- [JPA-Demo] [restartedMain] org.example.jpademo.JpaDemoApplication   : No active profile set, falling back to 1 default profile: "default"
2025-12-18T16:29:29.863-05:00  INFO 13076 --- [JPA-Demo] [restartedMain] .s.d.r.c.RepositoryConfigurationDelegate : Bootstrapping Spring Data JPA repositories in DEFAULT mode.
2025-12-18T16:29:29.890-05:00  INFO 13076 --- [JPA-Demo] [restartedMain] .s.d.r.c.RepositoryConfigurationDelegate : Finished Spring Data repository scanning in 24 ms. Found 2 JPA repository interfaces.
2025-12-18T16:29:30.207-05:00  INFO 13076 --- [JPA-Demo] [restartedMain] o.s.b.w.embedded.tomcat.TomcatWebServer  : Tomcat initialized with port 8080 (http)
2025-12-18T16:29:30.211-05:00  INFO 13076 --- [JPA-Demo] [restartedMain] o.apache.catalina.core.StandardService   : Starting service [Tomcat]
2025-12-18T16:29:30.211-05:00  INFO 13076 --- [JPA-Demo] [restartedMain] o.apache.catalina.core.StandardEngine    : Starting Servlet engine: [Apache Tomcat/10.1.46]
2025-12-18T16:29:30.276-05:00  INFO 13076 --- [JPA-Demo] [restartedMain] o.a.c.c.C.[Tomcat].[localhost].[/]       : Initializing Spring embedded WebApplicationContext
2025-12-18T16:29:30.277-05:00  INFO 13076 --- [JPA-Demo] [restartedMain] w.s.c.ServletWebServerApplicationContext : Root WebApplicationContext: initialization completed in 1032 ms
2025-12-18T16:29:30.418-05:00  INFO 13076 --- [JPA-Demo] [restartedMain] o.hibernate.jpa.internal.util.LogHelper  : HHH000204: Processing PersistenceUnitInfo [name: default]
2025-12-18T16:29:30.427-05:00  INFO 13076 --- [JPA-Demo] [restartedMain] o.h.c.internal.RegionFactoryInitiator    : HHH000026: Second-level cache disabled
2025-12-18T16:29:30.445-05:00  INFO 13076 --- [JPA-Demo] [restartedMain] o.s.o.j.p.SpringPersistenceUnitInfo      : No LoadTimeWeaver setup: ignoring JPA class transformer
2025-12-18T16:29:30.449-05:00  INFO 13076 --- [JPA-Demo] [restartedMain] com.zaxxer.hikari.HikariDataSource       : HikariPool-4 - Starting...
2025-12-18T16:29:30.491-05:00  INFO 13076 --- [JPA-Demo] [restartedMain] com.zaxxer.hikari.pool.HikariPool        : HikariPool-4 - Added connection com.mysql.cj.jdbc.ConnectionImpl@3a8d58b0
2025-12-18T16:29:30.491-05:00  INFO 13076 --- [JPA-Demo] [restartedMain] com.zaxxer.hikari.HikariDataSource       : HikariPool-4 - Start completed.
2025-12-18T16:29:30.494-05:00  INFO 13076 --- [JPA-Demo] [restartedMain] org.hibernate.orm.connections.pooling    : HHH10001005: Database info:
	Database JDBC URL [Connecting through datasource 'HikariDataSource (HikariPool-4)']
	Database driver: undefined/unknown
	Database version: 8.0.34
	Autocommit mode: undefined/unknown
	Isolation level: undefined/unknown
	Minimum pool size: undefined/unknown
	Maximum pool size: undefined/unknown
2025-12-18T16:29:30.599-05:00  INFO 13076 --- [JPA-Demo] [restartedMain] o.h.e.t.j.p.i.JtaPlatformInitiator       : HHH000489: No JTA platform available (set 'hibernate.transaction.jta.platform' to enable JTA platform integration)
2025-12-18T16:29:30.638-05:00  INFO 13076 --- [JPA-Demo] [restartedMain] j.LocalContainerEntityManagerFactoryBean : Initialized JPA EntityManagerFactory for persistence unit 'default'
2025-12-18T16:29:30.874-05:00  WARN 13076 --- [JPA-Demo] [restartedMain] JpaBaseConfiguration$JpaWebConfiguration : spring.jpa.open-in-view is enabled by default. Therefore, database queries may be performed during view rendering. Explicitly configure spring.jpa.open-in-view to disable this warning
2025-12-18T16:29:31.157-05:00  INFO 13076 --- [JPA-Demo] [restartedMain] o.s.b.a.h2.H2ConsoleAutoConfiguration    : H2 console available at '/h2-console'. Database available at 'jdbc:mysql://localhost:3306/pokemon'
2025-12-18T16:29:31.208-05:00  WARN 13076 --- [JPA-Demo] [restartedMain] .s.s.UserDetailsServiceAutoConfiguration : 

Using generated security password: 4603b41a-9a4b-4c0c-9428-46dc3a766e90

This generated password is for development use only. Your security configuration must be updated before running your application in production.

2025-12-18T16:29:31.210-05:00  INFO 13076 --- [JPA-Demo] [restartedMain] r$InitializeUserDetailsManagerConfigurer : Global AuthenticationManager configured with UserDetailsService bean with name inMemoryUserDetailsManager
2025-12-18T16:29:31.310-05:00  INFO 13076 --- [JPA-Demo] [restartedMain] o.s.b.d.a.OptionalLiveReloadServer       : LiveReload server is running on port 35729
2025-12-18T16:29:31.364-05:00  INFO 13076 --- [JPA-Demo] [restartedMain] o.s.b.w.embedded.tomcat.TomcatWebServer  : Tomcat started on port 8080 (http) with context path '/'
2025-12-18T16:29:31.376-05:00  INFO 13076 --- [JPA-Demo] [restartedMain] org.example.jpademo.JpaDemoApplication   : Started JpaDemoApplication in 2.198 seconds (process running for 785.086)
2025-12-18T16:29:31.384-05:00  INFO 13076 --- [JPA-Demo] [restartedMain] .ConditionEvaluationDeltaLoggingListener : Condition evaluation delta:


==========================
CONDITION EVALUATION DELTA
==========================


Positive matches:
-----------------

   SpringBootWebSecurityConfiguration.SecurityFilterChainConfiguration matched:
      - AllNestedConditions 2 matched 0 did not; NestedCondition on DefaultWebSecurityCondition.Beans @ConditionalOnMissingBean (types: org.springframework.security.web.SecurityFilterChain; SearchStrategy: all) did not find any beans; NestedCondition on DefaultWebSecurityCondition.Classes @ConditionalOnClass found required classes 'org.springframework.security.web.SecurityFilterChain', 'org.springframework.security.config.annotation.web.builders.HttpSecurity' (DefaultWebSecurityCondition)

   SpringBootWebSecurityConfiguration.WebSecurityEnablerConfiguration matched:
      - @ConditionalOnClass found required class 'org.springframework.security.config.annotation.web.configuration.EnableWebSecurity' (OnClassCondition)
      - @ConditionalOnMissingBean (names: springSecurityFilterChain; SearchStrategy: all) did not find any beans (OnBeanCondition)


Negative matches:
-----------------

    None


Exclusions:
-----------

    None


Unconditional classes:
----------------------

    None



2025-12-18T16:29:32.794-05:00  INFO 13076 --- [JPA-Demo] [File Watcher] rtingClassPathChangeChangedEventListener : Restarting due to 2 class path changes (2 additions, 0 deletions, 0 modifications)
2025-12-18T16:29:32.800-05:00  INFO 13076 --- [JPA-Demo] [Thread-15] o.s.b.w.e.tomcat.GracefulShutdown        : Commencing graceful shutdown. Waiting for active requests to complete
2025-12-18T16:29:32.822-05:00  INFO 13076 --- [JPA-Demo] [tomcat-shutdown] o.s.b.w.e.tomcat.GracefulShutdown        : Graceful shutdown complete
2025-12-18T16:29:32.826-05:00  INFO 13076 --- [JPA-Demo] [Thread-15] j.LocalContainerEntityManagerFactoryBean : Closing JPA EntityManagerFactory for persistence unit 'default'
2025-12-18T16:29:32.828-05:00  INFO 13076 --- [JPA-Demo] [Thread-15] com.zaxxer.hikari.HikariDataSource       : HikariPool-4 - Shutdown initiated...
2025-12-18T16:29:32.845-05:00  INFO 13076 --- [JPA-Demo] [Thread-15] com.zaxxer.hikari.HikariDataSource       : HikariPool-4 - Shutdown completed.
2025-12-18T16:29:32.967-05:00  INFO 13076 --- [JPA-Demo] [restartedMain] org.example.jpademo.JpaDemoApplication   : Starting JpaDemoApplication using Java 25 with PID 13076 (C:\Users\murta\Dropbox\PC\Downloads\College Course Books & Materials\Java\JPA-Demo\target\classes started by murta in C:\Users\murta\Dropbox\PC\Downloads\College Course Books & Materials\Java\JPA-Demo)
2025-12-18T16:29:32.968-05:00  INFO 13076 --- [JPA-Demo] [restartedMain] org.example.jpademo.JpaDemoApplication   : No active profile set, falling back to 1 default profile: "default"
2025-12-18T16:29:33.561-05:00  INFO 13076 --- [JPA-Demo] [restartedMain] .s.d.r.c.RepositoryConfigurationDelegate : Bootstrapping Spring Data JPA repositories in DEFAULT mode.
2025-12-18T16:29:33.591-05:00  INFO 13076 --- [JPA-Demo] [restartedMain] .s.d.r.c.RepositoryConfigurationDelegate : Finished Spring Data repository scanning in 27 ms. Found 2 JPA repository interfaces.
2025-12-18T16:29:33.811-05:00  INFO 13076 --- [JPA-Demo] [restartedMain] o.s.b.w.embedded.tomcat.TomcatWebServer  : Tomcat initialized with port 8080 (http)
2025-12-18T16:29:33.812-05:00  INFO 13076 --- [JPA-Demo] [restartedMain] o.apache.catalina.core.StandardService   : Starting service [Tomcat]
2025-12-18T16:29:33.812-05:00  INFO 13076 --- [JPA-Demo] [restartedMain] o.apache.catalina.core.StandardEngine    : Starting Servlet engine: [Apache Tomcat/10.1.46]
2025-12-18T16:29:33.857-05:00  INFO 13076 --- [JPA-Demo] [restartedMain] o.a.c.c.C.[Tomcat].[localhost].[/]       : Initializing Spring embedded WebApplicationContext
2025-12-18T16:29:33.857-05:00  INFO 13076 --- [JPA-Demo] [restartedMain] w.s.c.ServletWebServerApplicationContext : Root WebApplicationContext: initialization completed in 886 ms
2025-12-18T16:29:33.971-05:00  INFO 13076 --- [JPA-Demo] [restartedMain] o.hibernate.jpa.internal.util.LogHelper  : HHH000204: Processing PersistenceUnitInfo [name: default]
2025-12-18T16:29:33.977-05:00  INFO 13076 --- [JPA-Demo] [restartedMain] o.h.c.internal.RegionFactoryInitiator    : HHH000026: Second-level cache disabled
2025-12-18T16:29:33.991-05:00  INFO 13076 --- [JPA-Demo] [restartedMain] o.s.o.j.p.SpringPersistenceUnitInfo      : No LoadTimeWeaver setup: ignoring JPA class transformer
2025-12-18T16:29:33.993-05:00  INFO 13076 --- [JPA-Demo] [restartedMain] com.zaxxer.hikari.HikariDataSource       : HikariPool-5 - Starting...
2025-12-18T16:29:34.017-05:00  INFO 13076 --- [JPA-Demo] [restartedMain] com.zaxxer.hikari.pool.HikariPool        : HikariPool-5 - Added connection com.mysql.cj.jdbc.ConnectionImpl@3808f0d
2025-12-18T16:29:34.017-05:00  INFO 13076 --- [JPA-Demo] [restartedMain] com.zaxxer.hikari.HikariDataSource       : HikariPool-5 - Start completed.
2025-12-18T16:29:34.020-05:00  INFO 13076 --- [JPA-Demo] [restartedMain] org.hibernate.orm.connections.pooling    : HHH10001005: Database info:
	Database JDBC URL [Connecting through datasource 'HikariDataSource (HikariPool-5)']
	Database driver: undefined/unknown
	Database version: 8.0.34
	Autocommit mode: undefined/unknown
	Isolation level: undefined/unknown
	Minimum pool size: undefined/unknown
	Maximum pool size: undefined/unknown
2025-12-18T16:29:34.136-05:00  INFO 13076 --- [JPA-Demo] [restartedMain] o.h.e.t.j.p.i.JtaPlatformInitiator       : HHH000489: No JTA platform available (set 'hibernate.transaction.jta.platform' to enable JTA platform integration)
2025-12-18T16:29:34.164-05:00  INFO 13076 --- [JPA-Demo] [restartedMain] j.LocalContainerEntityManagerFactoryBean : Initialized JPA EntityManagerFactory for persistence unit 'default'
2025-12-18T16:29:34.322-05:00  WARN 13076 --- [JPA-Demo] [restartedMain] JpaBaseConfiguration$JpaWebConfiguration : spring.jpa.open-in-view is enabled by default. Therefore, database queries may be performed during view rendering. Explicitly configure spring.jpa.open-in-view to disable this warning
2025-12-18T16:29:34.452-05:00  INFO 13076 --- [JPA-Demo] [restartedMain] o.s.s.p.JdbcUserDetailsManager           : No authentication manager set. Reauthentication of users when changing passwords will not be performed.
2025-12-18T16:29:34.458-05:00  INFO 13076 --- [JPA-Demo] [restartedMain] r$InitializeUserDetailsManagerConfigurer : Global AuthenticationManager configured with UserDetailsService bean with name jdbcUserDetailsManager
2025-12-18T16:29:35.056-05:00  INFO 13076 --- [JPA-Demo] [restartedMain] o.s.b.a.h2.H2ConsoleAutoConfiguration    : H2 console available at '/h2-console'. Database available at 'jdbc:mysql://localhost:3306/pokemon'
2025-12-18T16:29:35.086-05:00  INFO 13076 --- [JPA-Demo] [restartedMain] o.s.b.d.a.OptionalLiveReloadServer       : LiveReload server is running on port 35729
2025-12-18T16:29:35.104-05:00  INFO 13076 --- [JPA-Demo] [restartedMain] o.s.b.w.embedded.tomcat.TomcatWebServer  : Tomcat started on port 8080 (http) with context path '/'
2025-12-18T16:29:35.110-05:00  INFO 13076 --- [JPA-Demo] [restartedMain] org.example.jpademo.JpaDemoApplication   : Started JpaDemoApplication in 2.189 seconds (process running for 788.82)
2025-12-18T16:29:35.112-05:00  INFO 13076 --- [JPA-Demo] [restartedMain] .ConditionEvaluationDeltaLoggingListener : Condition evaluation delta:


==========================
CONDITION EVALUATION DELTA
==========================


Positive matches:
-----------------

    None


Negative matches:
-----------------

   SpringBootWebSecurityConfiguration.SecurityFilterChainConfiguration:
      Did not match:
         - AllNestedConditions 1 matched 1 did not; NestedCondition on DefaultWebSecurityCondition.Beans @ConditionalOnMissingBean (types: org.springframework.security.web.SecurityFilterChain; SearchStrategy: all) found beans of type 'org.springframework.security.web.SecurityFilterChain' securityFilterChain; NestedCondition on DefaultWebSecurityCondition.Classes @ConditionalOnClass found required classes 'org.springframework.security.web.SecurityFilterChain', 'org.springframework.security.config.annotation.web.builders.HttpSecurity' (DefaultWebSecurityCondition)

   SpringBootWebSecurityConfiguration.WebSecurityEnablerConfiguration:
      Did not match:
         - @ConditionalOnMissingBean (names: springSecurityFilterChain; SearchStrategy: all) found beans named springSecurityFilterChain (OnBeanCondition)
      Matched:
         - @ConditionalOnClass found required class 'org.springframework.security.config.annotation.web.configuration.EnableWebSecurity' (OnClassCondition)

   UserDetailsServiceAutoConfiguration:
      Did not match:
         - @ConditionalOnMissingBean (types: org.springframework.security.authentication.AuthenticationManager,org.springframework.security.authentication.AuthenticationProvider,org.springframework.security.core.userdetails.UserDetailsService,org.springframework.security.authentication.AuthenticationManagerResolver,?; SearchStrategy: all) found beans of type 'org.springframework.security.core.userdetails.UserDetailsService' jdbcUserDetailsManager (OnBeanCondition)
      Matched:
         - @ConditionalOnClass found required class 'org.springframework.security.authentication.AuthenticationManager' (OnClassCondition)
         - found 'session' scope (OnWebApplicationCondition)
         - AnyNestedCondition 1 matched 2 did not; NestedCondition on UserDetailsServiceAutoConfiguration.MissingAlternativeOrUserPropertiesConfigured.PasswordConfigured @ConditionalOnProperty (spring.security.user.password) did not find property 'spring.security.user.password'; NestedCondition on UserDetailsServiceAutoConfiguration.MissingAlternativeOrUserPropertiesConfigured.NameConfigured @ConditionalOnProperty (spring.security.user.name) did not find property 'spring.security.user.name'; NestedCondition on UserDetailsServiceAutoConfiguration.MissingAlternativeOrUserPropertiesConfigured.MissingAlternative @ConditionalOnMissingClass did not find unwanted classes 'org.springframework.security.oauth2.client.registration.ClientRegistrationRepository', 'org.springframework.security.oauth2.server.resource.introspection.OpaqueTokenIntrospector', 'org.springframework.security.saml2.provider.service.registration.RelyingPartyRegistrationRepository' (UserDetailsServiceAutoConfiguration.MissingAlternativeOrUserPropertiesConfigured)


Exclusions:
-----------

    None


Unconditional classes:
----------------------

    None



2025-12-18T16:39:06.028-05:00  INFO 13076 --- [JPA-Demo] [SpringApplicationShutdownHook] o.s.b.w.e.tomcat.GracefulShutdown        : Commencing graceful shutdown. Waiting for active requests to complete
2025-12-18T16:39:06.035-05:00  INFO 13076 --- [JPA-Demo] [tomcat-shutdown] o.s.b.w.e.tomcat.GracefulShutdown        : Graceful shutdown complete
2025-12-18T16:39:06.037-05:00  INFO 13076 --- [JPA-Demo] [SpringApplicationShutdownHook] j.LocalContainerEntityManagerFactoryBean : Closing JPA EntityManagerFactory for persistence unit 'default'
2025-12-18T16:39:06.037-05:00  INFO 13076 --- [JPA-Demo] [SpringApplicationShutdownHook] com.zaxxer.hikari.HikariDataSource       : HikariPool-5 - Shutdown initiated...
2025-12-18T16:39:06.043-05:00  INFO 13076 --- [JPA-Demo] [SpringApplicationShutdownHook] com.zaxxer.hikari.HikariDataSource       : HikariPool-5 - Shutdown completed.
2025-12-18T16:39:11.174-05:00  INFO 26276 --- [JPA-Demo] [restartedMain] org.example.jpademo.JpaDemoApplication   : Starting JpaDemoApplication using Java 25 with PID 26276 (C:\Users\murta\Dropbox\PC\Downloads\College Course Books & Materials\Java\JPA-Demo\target\classes started by murta in C:\Users\murta\Dropbox\PC\Downloads\College Course Books & Materials\Java\JPA-Demo)
2025-12-18T16:39:11.176-05:00  INFO 26276 --- [JPA-Demo] [restartedMain] org.example.jpademo.JpaDemoApplication   : No active profile set, falling back to 1 default profile: "default"
2025-12-18T16:39:11.235-05:00  INFO 26276 --- [JPA-Demo] [restartedMain] .e.DevToolsPropertyDefaultsPostProcessor : Devtools property defaults active! Set 'spring.devtools.add-properties' to 'false' to disable
2025-12-18T16:39:11.235-05:00  INFO 26276 --- [JPA-Demo] [restartedMain] .e.DevToolsPropertyDefaultsPostProcessor : For additional web related logging consider setting the 'logging.level.web' property to 'DEBUG'
2025-12-18T16:39:12.087-05:00  INFO 26276 --- [JPA-Demo] [restartedMain] .s.d.r.c.RepositoryConfigurationDelegate : Bootstrapping Spring Data JPA repositories in DEFAULT mode.
2025-12-18T16:39:12.157-05:00  INFO 26276 --- [JPA-Demo] [restartedMain] .s.d.r.c.RepositoryConfigurationDelegate : Finished Spring Data repository scanning in 56 ms. Found 2 JPA repository interfaces.
2025-12-18T16:39:12.753-05:00  INFO 26276 --- [JPA-Demo] [restartedMain] o.s.b.w.embedded.tomcat.TomcatWebServer  : Tomcat initialized with port 8080 (http)
2025-12-18T16:39:12.765-05:00  INFO 26276 --- [JPA-Demo] [restartedMain] o.apache.catalina.core.StandardService   : Starting service [Tomcat]
2025-12-18T16:39:12.766-05:00  INFO 26276 --- [JPA-Demo] [restartedMain] o.apache.catalina.core.StandardEngine    : Starting Servlet engine: [Apache Tomcat/10.1.46]
2025-12-18T16:39:12.810-05:00  INFO 26276 --- [JPA-Demo] [restartedMain] o.a.c.c.C.[Tomcat].[localhost].[/]       : Initializing Spring embedded WebApplicationContext
2025-12-18T16:39:12.810-05:00  INFO 26276 --- [JPA-Demo] [restartedMain] w.s.c.ServletWebServerApplicationContext : Root WebApplicationContext: initialization completed in 1575 ms
2025-12-18T16:39:13.014-05:00  INFO 26276 --- [JPA-Demo] [restartedMain] o.hibernate.jpa.internal.util.LogHelper  : HHH000204: Processing PersistenceUnitInfo [name: default]
2025-12-18T16:39:13.060-05:00  INFO 26276 --- [JPA-Demo] [restartedMain] org.hibernate.Version                    : HHH000412: Hibernate ORM core version 6.6.29.Final
2025-12-18T16:39:13.089-05:00  INFO 26276 --- [JPA-Demo] [restartedMain] o.h.c.internal.RegionFactoryInitiator    : HHH000026: Second-level cache disabled
2025-12-18T16:39:13.352-05:00  INFO 26276 --- [JPA-Demo] [restartedMain] o.s.o.j.p.SpringPersistenceUnitInfo      : No LoadTimeWeaver setup: ignoring JPA class transformer
2025-12-18T16:39:13.379-05:00  INFO 26276 --- [JPA-Demo] [restartedMain] com.zaxxer.hikari.HikariDataSource       : HikariPool-1 - Starting...
2025-12-18T16:39:13.703-05:00  INFO 26276 --- [JPA-Demo] [restartedMain] com.zaxxer.hikari.pool.HikariPool        : HikariPool-1 - Added connection com.mysql.cj.jdbc.ConnectionImpl@10c8ecc3
2025-12-18T16:39:13.705-05:00  INFO 26276 --- [JPA-Demo] [restartedMain] com.zaxxer.hikari.HikariDataSource       : HikariPool-1 - Start completed.
2025-12-18T16:39:13.786-05:00  INFO 26276 --- [JPA-Demo] [restartedMain] org.hibernate.orm.connections.pooling    : HHH10001005: Database info:
	Database JDBC URL [Connecting through datasource 'HikariDataSource (HikariPool-1)']
	Database driver: undefined/unknown
	Database version: 8.0.34
	Autocommit mode: undefined/unknown
	Isolation level: undefined/unknown
	Minimum pool size: undefined/unknown
	Maximum pool size: undefined/unknown
2025-12-18T16:39:14.867-05:00  INFO 26276 --- [JPA-Demo] [restartedMain] o.h.e.t.j.p.i.JtaPlatformInitiator       : HHH000489: No JTA platform available (set 'hibernate.transaction.jta.platform' to enable JTA platform integration)
2025-12-18T16:39:14.952-05:00  INFO 26276 --- [JPA-Demo] [restartedMain] j.LocalContainerEntityManagerFactoryBean : Initialized JPA EntityManagerFactory for persistence unit 'default'
2025-12-18T16:39:15.564-05:00  WARN 26276 --- [JPA-Demo] [restartedMain] JpaBaseConfiguration$JpaWebConfiguration : spring.jpa.open-in-view is enabled by default. Therefore, database queries may be performed during view rendering. Explicitly configure spring.jpa.open-in-view to disable this warning
2025-12-18T16:39:15.870-05:00  INFO 26276 --- [JPA-Demo] [restartedMain] o.s.s.p.JdbcUserDetailsManager           : No authentication manager set. Reauthentication of users when changing passwords will not be performed.
2025-12-18T16:39:15.879-05:00  INFO 26276 --- [JPA-Demo] [restartedMain] r$InitializeUserDetailsManagerConfigurer : Global AuthenticationManager configured with UserDetailsService bean with name jdbcUserDetailsManager
2025-12-18T16:39:16.340-05:00  INFO 26276 --- [JPA-Demo] [restartedMain] o.s.b.a.h2.H2ConsoleAutoConfiguration    : H2 console available at '/h2-console'. Database available at 'jdbc:mysql://localhost:3306/pokemon'
2025-12-18T16:39:16.407-05:00  INFO 26276 --- [JPA-Demo] [restartedMain] o.s.b.d.a.OptionalLiveReloadServer       : LiveReload server is running on port 35729
2025-12-18T16:39:16.443-05:00  INFO 26276 --- [JPA-Demo] [restartedMain] o.s.b.w.embedded.tomcat.TomcatWebServer  : Tomcat started on port 8080 (http) with context path '/'
2025-12-18T16:39:16.451-05:00  INFO 26276 --- [JPA-Demo] [restartedMain] org.example.jpademo.JpaDemoApplication   : Started JpaDemoApplication in 5.817 seconds (process running for 6.826)
2025-12-18T16:39:17.660-05:00  INFO 26276 --- [JPA-Demo] [tomcat-handler-1] o.a.c.c.C.[Tomcat].[localhost].[/]       : Initializing Spring DispatcherServlet 'dispatcherServlet'
2025-12-18T16:39:17.661-05:00  INFO 26276 --- [JPA-Demo] [tomcat-handler-1] o.s.web.servlet.DispatcherServlet        : Initializing Servlet 'dispatcherServlet'
2025-12-18T16:39:17.662-05:00  INFO 26276 --- [JPA-Demo] [tomcat-handler-1] o.s.web.servlet.DispatcherServlet        : Completed initialization in 1 ms
2025-12-18T16:39:23.477-05:00 ERROR 26276 --- [JPA-Demo] [tomcat-handler-2] o.a.c.c.C.[.[.[/].[dispatcherServlet]    : Servlet.service() for servlet [dispatcherServlet] in context with path [] threw exception [Request processing failed: java.lang.NullPointerException: Cannot invoke "org.example.jpademo.service.JDBCUserService.userExists(String)" because "this.jdbcUserService" is null] with root cause

java.lang.NullPointerException: Cannot invoke "org.example.jpademo.service.JDBCUserService.userExists(String)" because "this.jdbcUserService" is null
	at org.example.jpademo.controller.HomeController.postSignupPage(HomeController.java:47) ~[classes/:na]
	at java.base/jdk.internal.reflect.DirectMethodHandleAccessor.invoke(DirectMethodHandleAccessor.java:104) ~[na:na]
	at java.base/java.lang.reflect.Method.invoke(Method.java:565) ~[na:na]
	at org.springframework.web.method.support.InvocableHandlerMethod.doInvoke(InvocableHandlerMethod.java:258) ~[spring-web-6.2.11.jar:6.2.11]
	at org.springframework.web.method.support.InvocableHandlerMethod.invokeForRequest(InvocableHandlerMethod.java:191) ~[spring-web-6.2.11.jar:6.2.11]
	at org.springframework.web.servlet.mvc.method.annotation.ServletInvocableHandlerMethod.invokeAndHandle(ServletInvocableHandlerMethod.java:118) ~[spring-webmvc-6.2.11.jar:6.2.11]
	at org.springframework.web.servlet.mvc.method.annotation.RequestMappingHandlerAdapter.invokeHandlerMethod(RequestMappingHandlerAdapter.java:991) ~[spring-webmvc-6.2.11.jar:6.2.11]
	at org.springframework.web.servlet.mvc.method.annotation.RequestMappingHandlerAdapter.handleInternal(RequestMappingHandlerAdapter.java:896) ~[spring-webmvc-6.2.11.jar:6.2.11]
	at org.springframework.web.servlet.mvc.method.AbstractHandlerMethodAdapter.handle(AbstractHandlerMethodAdapter.java:87) ~[spring-webmvc-6.2.11.jar:6.2.11]
	at org.springframework.web.servlet.DispatcherServlet.doDispatch(DispatcherServlet.java:1089) ~[spring-webmvc-6.2.11.jar:6.2.11]
	at org.springframework.web.servlet.DispatcherServlet.doService(DispatcherServlet.java:979) ~[spring-webmvc-6.2.11.jar:6.2.11]
	at org.springframework.web.servlet.FrameworkServlet.processRequest(FrameworkServlet.java:1014) ~[spring-webmvc-6.2.11.jar:6.2.11]
	at org.springframework.web.servlet.FrameworkServlet.doPost(FrameworkServlet.java:914) ~[spring-webmvc-6.2.11.jar:6.2.11]
	at jakarta.servlet.http.HttpServlet.service(HttpServlet.java:590) ~[tomcat-embed-core-10.1.46.jar:6.0]
	at org.springframework.web.servlet.FrameworkServlet.service(FrameworkServlet.java:885) ~[spring-webmvc-6.2.11.jar:6.2.11]
	at jakarta.servlet.http.HttpServlet.service(HttpServlet.java:658) ~[tomcat-embed-core-10.1.46.jar:6.0]
	at org.apache.catalina.core.ApplicationFilterChain.internalDoFilter(ApplicationFilterChain.java:195) ~[tomcat-embed-core-10.1.46.jar:10.1.46]
	at org.apache.catalina.core.ApplicationFilterChain.doFilter(ApplicationFilterChain.java:140) ~[tomcat-embed-core-10.1.46.jar:10.1.46]
	at org.apache.tomcat.websocket.server.WsFilter.doFilter(WsFilter.java:51) ~[tomcat-embed-websocket-10.1.46.jar:10.1.46]
	at org.apache.catalina.core.ApplicationFilterChain.internalDoFilter(ApplicationFilterChain.java:164) ~[tomcat-embed-core-10.1.46.jar:10.1.46]
	at org.apache.catalina.core.ApplicationFilterChain.doFilter(ApplicationFilterChain.java:140) ~[tomcat-embed-core-10.1.46.jar:10.1.46]
	at org.springframework.web.servlet.resource.ResourceUrlEncodingFilter.doFilter(ResourceUrlEncodingFilter.java:66) ~[spring-webmvc-6.2.11.jar:6.2.11]
	at org.apache.catalina.core.ApplicationFilterChain.internalDoFilter(ApplicationFilterChain.java:164) ~[tomcat-embed-core-10.1.46.jar:10.1.46]
	at org.apache.catalina.core.ApplicationFilterChain.doFilter(ApplicationFilterChain.java:140) ~[tomcat-embed-core-10.1.46.jar:10.1.46]
	at org.springframework.web.filter.CompositeFilter$VirtualFilterChain.doFilter(CompositeFilter.java:108) ~[spring-web-6.2.11.jar:6.2.11]
	at org.springframework.web.filter.CompositeFilter$VirtualFilterChain.doFilter(CompositeFilter.java:108) ~[spring-web-6.2.11.jar:6.2.11]
	at org.springframework.security.web.FilterChainProxy.lambda$doFilterInternal$3(FilterChainProxy.java:231) ~[spring-security-web-6.5.5.jar:6.5.5]
	at org.springframework.security.web.FilterChainProxy$VirtualFilterChain.doFilter(FilterChainProxy.java:365) ~[spring-security-web-6.5.5.jar:6.5.5]
	at org.springframework.security.web.access.intercept.AuthorizationFilter.doFilter(AuthorizationFilter.java:101) ~[spring-security-web-6.5.5.jar:6.5.5]
	at org.springframework.security.web.FilterChainProxy$VirtualFilterChain.doFilter(FilterChainProxy.java:374) ~[spring-security-web-6.5.5.jar:6.5.5]
	at org.springframework.security.web.access.ExceptionTranslationFilter.doFilter(ExceptionTranslationFilter.java:125) ~[spring-security-web-6.5.5.jar:6.5.5]
	at org.springframework.security.web.access.ExceptionTranslationFilter.doFilter(ExceptionTranslationFilter.java:119) ~[spring-security-web-6.5.5.jar:6.5.5]
	at org.springframework.security.web.FilterChainProxy$VirtualFilterChain.doFilter(FilterChainProxy.java:374) ~[spring-security-web-6.5.5.jar:6.5.5]
	at org.springframework.security.web.authentication.AnonymousAuthenticationFilter.doFilter(AnonymousAuthenticationFilter.java:100) ~[spring-security-web-6.5.5.jar:6.5.5]
	at org.springframework.security.web.FilterChainProxy$VirtualFilterChain.doFilter(FilterChainProxy.java:374) ~[spring-security-web-6.5.5.jar:6.5.5]
	at org.springframework.security.web.servletapi.SecurityContextHolderAwareRequestFilter.doFilter(SecurityContextHolderAwareRequestFilter.java:179) ~[spring-security-web-6.5.5.jar:6.5.5]
	at org.springframework.security.web.FilterChainProxy$VirtualFilterChain.doFilter(FilterChainProxy.java:374) ~[spring-security-web-6.5.5.jar:6.5.5]
	at org.springframework.security.web.savedrequest.RequestCacheAwareFilter.doFilter(RequestCacheAwareFilter.java:63) ~[spring-security-web-6.5.5.jar:6.5.5]
	at org.springframework.security.web.FilterChainProxy$VirtualFilterChain.doFilter(FilterChainProxy.java:374) ~[spring-security-web-6.5.5.jar:6.5.5]
	at org.springframework.security.web.authentication.AbstractAuthenticationProcessingFilter.doFilter(AbstractAuthenticationProcessingFilter.java:235) ~[spring-security-web-6.5.5.jar:6.5.5]
	at org.springframework.security.web.authentication.AbstractAuthenticationProcessingFilter.doFilter(AbstractAuthenticationProcessingFilter.java:229) ~[spring-security-web-6.5.5.jar:6.5.5]
	at org.springframework.security.web.FilterChainProxy$VirtualFilterChain.doFilter(FilterChainProxy.java:374) ~[spring-security-web-6.5.5.jar:6.5.5]
	at org.springframework.security.web.authentication.logout.LogoutFilter.doFilter(LogoutFilter.java:107) ~[spring-security-web-6.5.5.jar:6.5.5]
	at org.springframework.security.web.authentication.logout.LogoutFilter.doFilter(LogoutFilter.java:93) ~[spring-security-web-6.5.5.jar:6.5.5]
	at org.springframework.security.web.FilterChainProxy$VirtualFilterChain.doFilter(FilterChainProxy.java:374) ~[spring-security-web-6.5.5.jar:6.5.5]
	at org.springframework.security.web.header.HeaderWriterFilter.doHeadersAfter(HeaderWriterFilter.java:90) ~[spring-security-web-6.5.5.jar:6.5.5]
	at org.springframework.security.web.header.HeaderWriterFilter.doFilterInternal(HeaderWriterFilter.java:75) ~[spring-security-web-6.5.5.jar:6.5.5]
	at org.springframework.web.filter.OncePerRequestFilter.doFilter(OncePerRequestFilter.java:116) ~[spring-web-6.2.11.jar:6.2.11]
	at org.springframework.security.web.FilterChainProxy$VirtualFilterChain.doFilter(FilterChainProxy.java:374) ~[spring-security-web-6.5.5.jar:6.5.5]
	at org.springframework.security.web.context.SecurityContextHolderFilter.doFilter(SecurityContextHolderFilter.java:82) ~[spring-security-web-6.5.5.jar:6.5.5]
	at org.springframework.security.web.context.SecurityContextHolderFilter.doFilter(SecurityContextHolderFilter.java:69) ~[spring-security-web-6.5.5.jar:6.5.5]
	at org.springframework.security.web.FilterChainProxy$VirtualFilterChain.doFilter(FilterChainProxy.java:374) ~[spring-security-web-6.5.5.jar:6.5.5]
	at org.springframework.security.web.context.request.async.WebAsyncManagerIntegrationFilter.doFilterInternal(WebAsyncManagerIntegrationFilter.java:62) ~[spring-security-web-6.5.5.jar:6.5.5]
	at org.springframework.web.filter.OncePerRequestFilter.doFilter(OncePerRequestFilter.java:116) ~[spring-web-6.2.11.jar:6.2.11]
	at org.springframework.security.web.FilterChainProxy$VirtualFilterChain.doFilter(FilterChainProxy.java:374) ~[spring-security-web-6.5.5.jar:6.5.5]
	at org.springframework.security.web.session.DisableEncodeUrlFilter.doFilterInternal(DisableEncodeUrlFilter.java:42) ~[spring-security-web-6.5.5.jar:6.5.5]
	at org.springframework.web.filter.OncePerRequestFilter.doFilter(OncePerRequestFilter.java:116) ~[spring-web-6.2.11.jar:6.2.11]
	at org.springframework.security.web.FilterChainProxy$VirtualFilterChain.doFilter(FilterChainProxy.java:374) ~[spring-security-web-6.5.5.jar:6.5.5]
	at org.springframework.security.web.FilterChainProxy.doFilterInternal(FilterChainProxy.java:233) ~[spring-security-web-6.5.5.jar:6.5.5]
	at org.springframework.security.web.FilterChainProxy.doFilter(FilterChainProxy.java:191) ~[spring-security-web-6.5.5.jar:6.5.5]
	at org.springframework.web.filter.CompositeFilter$VirtualFilterChain.doFilter(CompositeFilter.java:113) ~[spring-web-6.2.11.jar:6.2.11]
	at org.springframework.web.filter.ServletRequestPathFilter.doFilter(ServletRequestPathFilter.java:52) ~[spring-web-6.2.11.jar:6.2.11]
	at org.springframework.web.filter.CompositeFilter$VirtualFilterChain.doFilter(CompositeFilter.java:113) ~[spring-web-6.2.11.jar:6.2.11]
	at org.springframework.web.filter.CompositeFilter.doFilter(CompositeFilter.java:74) ~[spring-web-6.2.11.jar:6.2.11]
	at org.springframework.security.config.annotation.web.configuration.WebSecurityConfiguration$CompositeFilterChainProxy.doFilter(WebSecurityConfiguration.java:319) ~[spring-security-config-6.5.5.jar:6.5.5]
	at org.springframework.web.filter.CompositeFilter$VirtualFilterChain.doFilter(CompositeFilter.java:113) ~[spring-web-6.2.11.jar:6.2.11]
	at org.springframework.web.servlet.handler.HandlerMappingIntrospector.lambda$createCacheFilter$4(HandlerMappingIntrospector.java:267) ~[spring-webmvc-6.2.11.jar:6.2.11]
	at org.springframework.web.filter.CompositeFilter$VirtualFilterChain.doFilter(CompositeFilter.java:113) ~[spring-web-6.2.11.jar:6.2.11]
	at org.springframework.web.filter.CompositeFilter.doFilter(CompositeFilter.java:74) ~[spring-web-6.2.11.jar:6.2.11]
	at org.springframework.security.config.annotation.web.configuration.WebMvcSecurityConfiguration$CompositeFilterChainProxy.doFilter(WebMvcSecurityConfiguration.java:240) ~[spring-security-config-6.5.5.jar:6.5.5]
	at org.springframework.web.filter.DelegatingFilterProxy.invokeDelegate(DelegatingFilterProxy.java:362) ~[spring-web-6.2.11.jar:6.2.11]
	at org.springframework.web.filter.DelegatingFilterProxy.doFilter(DelegatingFilterProxy.java:278) ~[spring-web-6.2.11.jar:6.2.11]
	at org.apache.catalina.core.ApplicationFilterChain.internalDoFilter(ApplicationFilterChain.java:164) ~[tomcat-embed-core-10.1.46.jar:10.1.46]
	at org.apache.catalina.core.ApplicationFilterChain.doFilter(ApplicationFilterChain.java:140) ~[tomcat-embed-core-10.1.46.jar:10.1.46]
	at org.springframework.web.filter.RequestContextFilter.doFilterInternal(RequestContextFilter.java:100) ~[spring-web-6.2.11.jar:6.2.11]
	at org.springframework.web.filter.OncePerRequestFilter.doFilter(OncePerRequestFilter.java:116) ~[spring-web-6.2.11.jar:6.2.11]
	at org.apache.catalina.core.ApplicationFilterChain.internalDoFilter(ApplicationFilterChain.java:164) ~[tomcat-embed-core-10.1.46.jar:10.1.46]
	at org.apache.catalina.core.ApplicationFilterChain.doFilter(ApplicationFilterChain.java:140) ~[tomcat-embed-core-10.1.46.jar:10.1.46]
	at org.springframework.web.filter.FormContentFilter.doFilterInternal(FormContentFilter.java:93) ~[spring-web-6.2.11.jar:6.2.11]
	at org.springframework.web.filter.OncePerRequestFilter.doFilter(OncePerRequestFilter.java:116) ~[spring-web-6.2.11.jar:6.2.11]
	at org.apache.catalina.core.ApplicationFilterChain.internalDoFilter(ApplicationFilterChain.java:164) ~[tomcat-embed-core-10.1.46.jar:10.1.46]
	at org.apache.catalina.core.ApplicationFilterChain.doFilter(ApplicationFilterChain.java:140) ~[tomcat-embed-core-10.1.46.jar:10.1.46]
	at org.springframework.web.filter.CharacterEncodingFilter.doFilterInternal(CharacterEncodingFilter.java:201) ~[spring-web-6.2.11.jar:6.2.11]
	at org.springframework.web.filter.OncePerRequestFilter.doFilter(OncePerRequestFilter.java:116) ~[spring-web-6.2.11.jar:6.2.11]
	at org.apache.catalina.core.ApplicationFilterChain.internalDoFilter(ApplicationFilterChain.java:164) ~[tomcat-embed-core-10.1.46.jar:10.1.46]
	at org.apache.catalina.core.ApplicationFilterChain.doFilter(ApplicationFilterChain.java:140) ~[tomcat-embed-core-10.1.46.jar:10.1.46]
	at org.apache.catalina.core.StandardWrapperValve.invoke(StandardWrapperValve.java:167) ~[tomcat-embed-core-10.1.46.jar:10.1.46]
	at org.apache.catalina.core.StandardContextValve.invoke(StandardContextValve.java:90) ~[tomcat-embed-core-10.1.46.jar:10.1.46]
	at org.apache.catalina.authenticator.AuthenticatorBase.invoke(AuthenticatorBase.java:483) ~[tomcat-embed-core-10.1.46.jar:10.1.46]
	at org.apache.catalina.core.StandardHostValve.invoke(StandardHostValve.java:116) ~[tomcat-embed-core-10.1.46.jar:10.1.46]
	at org.apache.catalina.valves.ErrorReportValve.invoke(ErrorReportValve.java:93) ~[tomcat-embed-core-10.1.46.jar:10.1.46]
	at org.apache.catalina.core.StandardEngineValve.invoke(StandardEngineValve.java:74) ~[tomcat-embed-core-10.1.46.jar:10.1.46]
	at org.apache.catalina.connector.CoyoteAdapter.service(CoyoteAdapter.java:344) ~[tomcat-embed-core-10.1.46.jar:10.1.46]
	at org.apache.coyote.http11.Http11Processor.service(Http11Processor.java:398) ~[tomcat-embed-core-10.1.46.jar:10.1.46]
	at org.apache.coyote.AbstractProcessorLight.process(AbstractProcessorLight.java:63) ~[tomcat-embed-core-10.1.46.jar:10.1.46]
	at org.apache.coyote.AbstractProtocol$ConnectionHandler.process(AbstractProtocol.java:903) ~[tomcat-embed-core-10.1.46.jar:10.1.46]
	at org.apache.tomcat.util.net.NioEndpoint$SocketProcessor.doRun(NioEndpoint.java:1776) ~[tomcat-embed-core-10.1.46.jar:10.1.46]
	at org.apache.tomcat.util.net.SocketProcessorBase.run(SocketProcessorBase.java:52) ~[tomcat-embed-core-10.1.46.jar:10.1.46]
	at java.base/java.lang.VirtualThread.run(VirtualThread.java:456) ~[na:na]

2025-12-18T16:40:25.220-05:00  INFO 26276 --- [JPA-Demo] [SpringApplicationShutdownHook] o.s.b.w.e.tomcat.GracefulShutdown        : Commencing graceful shutdown. Waiting for active requests to complete
2025-12-18T16:40:25.227-05:00  INFO 26276 --- [JPA-Demo] [tomcat-shutdown] o.s.b.w.e.tomcat.GracefulShutdown        : Graceful shutdown complete
2025-12-18T16:40:25.231-05:00  INFO 26276 --- [JPA-Demo] [SpringApplicationShutdownHook] j.LocalContainerEntityManagerFactoryBean : Closing JPA EntityManagerFactory for persistence unit 'default'
2025-12-18T16:40:25.234-05:00  INFO 26276 --- [JPA-Demo] [SpringApplicationShutdownHook] com.zaxxer.hikari.HikariDataSource       : HikariPool-1 - Shutdown initiated...
2025-12-18T16:40:25.244-05:00  INFO 26276 --- [JPA-Demo] [SpringApplicationShutdownHook] com.zaxxer.hikari.HikariDataSource       : HikariPool-1 - Shutdown completed.
2025-12-18T16:40:29.471-05:00  INFO 30760 --- [JPA-Demo] [restartedMain] org.example.jpademo.JpaDemoApplication   : Starting JpaDemoApplication using Java 25 with PID 30760 (C:\Users\murta\Dropbox\PC\Downloads\College Course Books & Materials\Java\JPA-Demo\target\classes started by murta in C:\Users\murta\Dropbox\PC\Downloads\College Course Books & Materials\Java\JPA-Demo)
2025-12-18T16:40:29.472-05:00  INFO 30760 --- [JPA-Demo] [restartedMain] org.example.jpademo.JpaDemoApplication   : No active profile set, falling back to 1 default profile: "default"
2025-12-18T16:40:29.525-05:00  INFO 30760 --- [JPA-Demo] [restartedMain] .e.DevToolsPropertyDefaultsPostProcessor : Devtools property defaults active! Set 'spring.devtools.add-properties' to 'false' to disable
2025-12-18T16:40:29.526-05:00  INFO 30760 --- [JPA-Demo] [restartedMain] .e.DevToolsPropertyDefaultsPostProcessor : For additional web related logging consider setting the 'logging.level.web' property to 'DEBUG'
2025-12-18T16:40:30.292-05:00  INFO 30760 --- [JPA-Demo] [restartedMain] .s.d.r.c.RepositoryConfigurationDelegate : Bootstrapping Spring Data JPA repositories in DEFAULT mode.
2025-12-18T16:40:30.345-05:00  INFO 30760 --- [JPA-Demo] [restartedMain] .s.d.r.c.RepositoryConfigurationDelegate : Finished Spring Data repository scanning in 45 ms. Found 2 JPA repository interfaces.
2025-12-18T16:40:30.936-05:00  INFO 30760 --- [JPA-Demo] [restartedMain] o.s.b.w.embedded.tomcat.TomcatWebServer  : Tomcat initialized with port 8080 (http)
2025-12-18T16:40:30.951-05:00  INFO 30760 --- [JPA-Demo] [restartedMain] o.apache.catalina.core.StandardService   : Starting service [Tomcat]
2025-12-18T16:40:30.952-05:00  INFO 30760 --- [JPA-Demo] [restartedMain] o.apache.catalina.core.StandardEngine    : Starting Servlet engine: [Apache Tomcat/10.1.46]
2025-12-18T16:40:30.997-05:00  INFO 30760 --- [JPA-Demo] [restartedMain] o.a.c.c.C.[Tomcat].[localhost].[/]       : Initializing Spring embedded WebApplicationContext
2025-12-18T16:40:30.997-05:00  INFO 30760 --- [JPA-Demo] [restartedMain] w.s.c.ServletWebServerApplicationContext : Root WebApplicationContext: initialization completed in 1471 ms
2025-12-18T16:40:31.186-05:00  INFO 30760 --- [JPA-Demo] [restartedMain] o.hibernate.jpa.internal.util.LogHelper  : HHH000204: Processing PersistenceUnitInfo [name: default]
2025-12-18T16:40:31.233-05:00  INFO 30760 --- [JPA-Demo] [restartedMain] org.hibernate.Version                    : HHH000412: Hibernate ORM core version 6.6.29.Final
2025-12-18T16:40:31.263-05:00  INFO 30760 --- [JPA-Demo] [restartedMain] o.h.c.internal.RegionFactoryInitiator    : HHH000026: Second-level cache disabled
2025-12-18T16:40:31.526-05:00  INFO 30760 --- [JPA-Demo] [restartedMain] o.s.o.j.p.SpringPersistenceUnitInfo      : No LoadTimeWeaver setup: ignoring JPA class transformer
2025-12-18T16:40:31.563-05:00  INFO 30760 --- [JPA-Demo] [restartedMain] com.zaxxer.hikari.HikariDataSource       : HikariPool-1 - Starting...
2025-12-18T16:40:31.914-05:00  INFO 30760 --- [JPA-Demo] [restartedMain] com.zaxxer.hikari.pool.HikariPool        : HikariPool-1 - Added connection com.mysql.cj.jdbc.ConnectionImpl@2e4124c9
2025-12-18T16:40:31.916-05:00  INFO 30760 --- [JPA-Demo] [restartedMain] com.zaxxer.hikari.HikariDataSource       : HikariPool-1 - Start completed.
2025-12-18T16:40:32.000-05:00  INFO 30760 --- [JPA-Demo] [restartedMain] org.hibernate.orm.connections.pooling    : HHH10001005: Database info:
	Database JDBC URL [Connecting through datasource 'HikariDataSource (HikariPool-1)']
	Database driver: undefined/unknown
	Database version: 8.0.34
	Autocommit mode: undefined/unknown
	Isolation level: undefined/unknown
	Minimum pool size: undefined/unknown
	Maximum pool size: undefined/unknown
2025-12-18T16:40:32.961-05:00  INFO 30760 --- [JPA-Demo] [restartedMain] o.h.e.t.j.p.i.JtaPlatformInitiator       : HHH000489: No JTA platform available (set 'hibernate.transaction.jta.platform' to enable JTA platform integration)
2025-12-18T16:40:33.040-05:00  INFO 30760 --- [JPA-Demo] [restartedMain] j.LocalContainerEntityManagerFactoryBean : Initialized JPA EntityManagerFactory for persistence unit 'default'
2025-12-18T16:40:33.481-05:00  WARN 30760 --- [JPA-Demo] [restartedMain] JpaBaseConfiguration$JpaWebConfiguration : spring.jpa.open-in-view is enabled by default. Therefore, database queries may be performed during view rendering. Explicitly configure spring.jpa.open-in-view to disable this warning
2025-12-18T16:40:33.676-05:00  INFO 30760 --- [JPA-Demo] [restartedMain] o.s.s.p.JdbcUserDetailsManager           : No authentication manager set. Reauthentication of users when changing passwords will not be performed.
2025-12-18T16:40:33.684-05:00  INFO 30760 --- [JPA-Demo] [restartedMain] r$InitializeUserDetailsManagerConfigurer : Global AuthenticationManager configured with UserDetailsService bean with name jdbcUserDetailsManager
2025-12-18T16:40:34.036-05:00  INFO 30760 --- [JPA-Demo] [restartedMain] o.s.b.a.h2.H2ConsoleAutoConfiguration    : H2 console available at '/h2-console'. Database available at 'jdbc:mysql://localhost:3306/pokemon'
2025-12-18T16:40:34.099-05:00  INFO 30760 --- [JPA-Demo] [restartedMain] o.s.b.d.a.OptionalLiveReloadServer       : LiveReload server is running on port 35729
2025-12-18T16:40:34.131-05:00  INFO 30760 --- [JPA-Demo] [restartedMain] o.s.b.w.embedded.tomcat.TomcatWebServer  : Tomcat started on port 8080 (http) with context path '/'
2025-12-18T16:40:34.137-05:00  INFO 30760 --- [JPA-Demo] [restartedMain] org.example.jpademo.JpaDemoApplication   : Started JpaDemoApplication in 5.035 seconds (process running for 5.675)
2025-12-18T16:40:42.479-05:00  INFO 30760 --- [JPA-Demo] [tomcat-handler-0] o.a.c.c.C.[Tomcat].[localhost].[/]       : Initializing Spring DispatcherServlet 'dispatcherServlet'
2025-12-18T16:40:42.480-05:00  INFO 30760 --- [JPA-Demo] [tomcat-handler-0] o.s.web.servlet.DispatcherServlet        : Initializing Servlet 'dispatcherServlet'
2025-12-18T16:40:42.482-05:00  INFO 30760 --- [JPA-Demo] [tomcat-handler-0] o.s.web.servlet.DispatcherServlet        : Completed initialization in 2 ms
2025-12-18T16:40:42.625-05:00 ERROR 30760 --- [JPA-Demo] [tomcat-handler-0] o.a.c.c.C.[.[.[/].[dispatcherServlet]    : Servlet.service() for servlet [dispatcherServlet] in context with path [] threw exception [Request processing failed: java.lang.NullPointerException: Cannot invoke "org.springframework.security.provisioning.JdbcUserDetailsManager.userExists(String)" because "this.jdbcUserDetailManager" is null] with root cause

java.lang.NullPointerException: Cannot invoke "org.springframework.security.provisioning.JdbcUserDetailsManager.userExists(String)" because "this.jdbcUserDetailManager" is null
	at org.example.jpademo.service.JDBCUserService.userExists(JDBCUserService.java:14) ~[classes/:na]
	at org.example.jpademo.controller.HomeController.postSignupPage(HomeController.java:47) ~[classes/:na]
	at java.base/jdk.internal.reflect.DirectMethodHandleAccessor.invoke(DirectMethodHandleAccessor.java:104) ~[na:na]
	at java.base/java.lang.reflect.Method.invoke(Method.java:565) ~[na:na]
	at org.springframework.web.method.support.InvocableHandlerMethod.doInvoke(InvocableHandlerMethod.java:258) ~[spring-web-6.2.11.jar:6.2.11]
	at org.springframework.web.method.support.InvocableHandlerMethod.invokeForRequest(InvocableHandlerMethod.java:191) ~[spring-web-6.2.11.jar:6.2.11]
	at org.springframework.web.servlet.mvc.method.annotation.ServletInvocableHandlerMethod.invokeAndHandle(ServletInvocableHandlerMethod.java:118) ~[spring-webmvc-6.2.11.jar:6.2.11]
	at org.springframework.web.servlet.mvc.method.annotation.RequestMappingHandlerAdapter.invokeHandlerMethod(RequestMappingHandlerAdapter.java:991) ~[spring-webmvc-6.2.11.jar:6.2.11]
	at org.springframework.web.servlet.mvc.method.annotation.RequestMappingHandlerAdapter.handleInternal(RequestMappingHandlerAdapter.java:896) ~[spring-webmvc-6.2.11.jar:6.2.11]
	at org.springframework.web.servlet.mvc.method.AbstractHandlerMethodAdapter.handle(AbstractHandlerMethodAdapter.java:87) ~[spring-webmvc-6.2.11.jar:6.2.11]
	at org.springframework.web.servlet.DispatcherServlet.doDispatch(DispatcherServlet.java:1089) ~[spring-webmvc-6.2.11.jar:6.2.11]
	at org.springframework.web.servlet.DispatcherServlet.doService(DispatcherServlet.java:979) ~[spring-webmvc-6.2.11.jar:6.2.11]
	at org.springframework.web.servlet.FrameworkServlet.processRequest(FrameworkServlet.java:1014) ~[spring-webmvc-6.2.11.jar:6.2.11]
	at org.springframework.web.servlet.FrameworkServlet.doPost(FrameworkServlet.java:914) ~[spring-webmvc-6.2.11.jar:6.2.11]
	at jakarta.servlet.http.HttpServlet.service(HttpServlet.java:590) ~[tomcat-embed-core-10.1.46.jar:6.0]
	at org.springframework.web.servlet.FrameworkServlet.service(FrameworkServlet.java:885) ~[spring-webmvc-6.2.11.jar:6.2.11]
	at jakarta.servlet.http.HttpServlet.service(HttpServlet.java:658) ~[tomcat-embed-core-10.1.46.jar:6.0]
	at org.apache.catalina.core.ApplicationFilterChain.internalDoFilter(ApplicationFilterChain.java:195) ~[tomcat-embed-core-10.1.46.jar:10.1.46]
	at org.apache.catalina.core.ApplicationFilterChain.doFilter(ApplicationFilterChain.java:140) ~[tomcat-embed-core-10.1.46.jar:10.1.46]
	at org.apache.tomcat.websocket.server.WsFilter.doFilter(WsFilter.java:51) ~[tomcat-embed-websocket-10.1.46.jar:10.1.46]
	at org.apache.catalina.core.ApplicationFilterChain.internalDoFilter(ApplicationFilterChain.java:164) ~[tomcat-embed-core-10.1.46.jar:10.1.46]
	at org.apache.catalina.core.ApplicationFilterChain.doFilter(ApplicationFilterChain.java:140) ~[tomcat-embed-core-10.1.46.jar:10.1.46]
	at org.springframework.web.servlet.resource.ResourceUrlEncodingFilter.doFilter(ResourceUrlEncodingFilter.java:66) ~[spring-webmvc-6.2.11.jar:6.2.11]
	at org.apache.catalina.core.ApplicationFilterChain.internalDoFilter(ApplicationFilterChain.java:164) ~[tomcat-embed-core-10.1.46.jar:10.1.46]
	at org.apache.catalina.core.ApplicationFilterChain.doFilter(ApplicationFilterChain.java:140) ~[tomcat-embed-core-10.1.46.jar:10.1.46]
	at org.springframework.web.filter.CompositeFilter$VirtualFilterChain.doFilter(CompositeFilter.java:108) ~[spring-web-6.2.11.jar:6.2.11]
	at org.springframework.web.filter.CompositeFilter$VirtualFilterChain.doFilter(CompositeFilter.java:108) ~[spring-web-6.2.11.jar:6.2.11]
	at org.springframework.security.web.FilterChainProxy.lambda$doFilterInternal$3(FilterChainProxy.java:231) ~[spring-security-web-6.5.5.jar:6.5.5]
	at org.springframework.security.web.FilterChainProxy$VirtualFilterChain.doFilter(FilterChainProxy.java:365) ~[spring-security-web-6.5.5.jar:6.5.5]
	at org.springframework.security.web.access.intercept.AuthorizationFilter.doFilter(AuthorizationFilter.java:101) ~[spring-security-web-6.5.5.jar:6.5.5]
	at org.springframework.security.web.FilterChainProxy$VirtualFilterChain.doFilter(FilterChainProxy.java:374) ~[spring-security-web-6.5.5.jar:6.5.5]
	at org.springframework.security.web.access.ExceptionTranslationFilter.doFilter(ExceptionTranslationFilter.java:125) ~[spring-security-web-6.5.5.jar:6.5.5]
	at org.springframework.security.web.access.ExceptionTranslationFilter.doFilter(ExceptionTranslationFilter.java:119) ~[spring-security-web-6.5.5.jar:6.5.5]
	at org.springframework.security.web.FilterChainProxy$VirtualFilterChain.doFilter(FilterChainProxy.java:374) ~[spring-security-web-6.5.5.jar:6.5.5]
	at org.springframework.security.web.authentication.AnonymousAuthenticationFilter.doFilter(AnonymousAuthenticationFilter.java:100) ~[spring-security-web-6.5.5.jar:6.5.5]
	at org.springframework.security.web.FilterChainProxy$VirtualFilterChain.doFilter(FilterChainProxy.java:374) ~[spring-security-web-6.5.5.jar:6.5.5]
	at org.springframework.security.web.servletapi.SecurityContextHolderAwareRequestFilter.doFilter(SecurityContextHolderAwareRequestFilter.java:179) ~[spring-security-web-6.5.5.jar:6.5.5]
	at org.springframework.security.web.FilterChainProxy$VirtualFilterChain.doFilter(FilterChainProxy.java:374) ~[spring-security-web-6.5.5.jar:6.5.5]
	at org.springframework.security.web.savedrequest.RequestCacheAwareFilter.doFilter(RequestCacheAwareFilter.java:63) ~[spring-security-web-6.5.5.jar:6.5.5]
	at org.springframework.security.web.FilterChainProxy$VirtualFilterChain.doFilter(FilterChainProxy.java:374) ~[spring-security-web-6.5.5.jar:6.5.5]
	at org.springframework.security.web.authentication.AbstractAuthenticationProcessingFilter.doFilter(AbstractAuthenticationProcessingFilter.java:235) ~[spring-security-web-6.5.5.jar:6.5.5]
	at org.springframework.security.web.authentication.AbstractAuthenticationProcessingFilter.doFilter(AbstractAuthenticationProcessingFilter.java:229) ~[spring-security-web-6.5.5.jar:6.5.5]
	at org.springframework.security.web.FilterChainProxy$VirtualFilterChain.doFilter(FilterChainProxy.java:374) ~[spring-security-web-6.5.5.jar:6.5.5]
	at org.springframework.security.web.authentication.logout.LogoutFilter.doFilter(LogoutFilter.java:107) ~[spring-security-web-6.5.5.jar:6.5.5]
	at org.springframework.security.web.authentication.logout.LogoutFilter.doFilter(LogoutFilter.java:93) ~[spring-security-web-6.5.5.jar:6.5.5]
	at org.springframework.security.web.FilterChainProxy$VirtualFilterChain.doFilter(FilterChainProxy.java:374) ~[spring-security-web-6.5.5.jar:6.5.5]
	at org.springframework.security.web.header.HeaderWriterFilter.doHeadersAfter(HeaderWriterFilter.java:90) ~[spring-security-web-6.5.5.jar:6.5.5]
	at org.springframework.security.web.header.HeaderWriterFilter.doFilterInternal(HeaderWriterFilter.java:75) ~[spring-security-web-6.5.5.jar:6.5.5]
	at org.springframework.web.filter.OncePerRequestFilter.doFilter(OncePerRequestFilter.java:116) ~[spring-web-6.2.11.jar:6.2.11]
	at org.springframework.security.web.FilterChainProxy$VirtualFilterChain.doFilter(FilterChainProxy.java:374) ~[spring-security-web-6.5.5.jar:6.5.5]
	at org.springframework.security.web.context.SecurityContextHolderFilter.doFilter(SecurityContextHolderFilter.java:82) ~[spring-security-web-6.5.5.jar:6.5.5]
	at org.springframework.security.web.context.SecurityContextHolderFilter.doFilter(SecurityContextHolderFilter.java:69) ~[spring-security-web-6.5.5.jar:6.5.5]
	at org.springframework.security.web.FilterChainProxy$VirtualFilterChain.doFilter(FilterChainProxy.java:374) ~[spring-security-web-6.5.5.jar:6.5.5]
	at org.springframework.security.web.context.request.async.WebAsyncManagerIntegrationFilter.doFilterInternal(WebAsyncManagerIntegrationFilter.java:62) ~[spring-security-web-6.5.5.jar:6.5.5]
	at org.springframework.web.filter.OncePerRequestFilter.doFilter(OncePerRequestFilter.java:116) ~[spring-web-6.2.11.jar:6.2.11]
	at org.springframework.security.web.FilterChainProxy$VirtualFilterChain.doFilter(FilterChainProxy.java:374) ~[spring-security-web-6.5.5.jar:6.5.5]
	at org.springframework.security.web.session.DisableEncodeUrlFilter.doFilterInternal(DisableEncodeUrlFilter.java:42) ~[spring-security-web-6.5.5.jar:6.5.5]
	at org.springframework.web.filter.OncePerRequestFilter.doFilter(OncePerRequestFilter.java:116) ~[spring-web-6.2.11.jar:6.2.11]
	at org.springframework.security.web.FilterChainProxy$VirtualFilterChain.doFilter(FilterChainProxy.java:374) ~[spring-security-web-6.5.5.jar:6.5.5]
	at org.springframework.security.web.FilterChainProxy.doFilterInternal(FilterChainProxy.java:233) ~[spring-security-web-6.5.5.jar:6.5.5]
	at org.springframework.security.web.FilterChainProxy.doFilter(FilterChainProxy.java:191) ~[spring-security-web-6.5.5.jar:6.5.5]
	at org.springframework.web.filter.CompositeFilter$VirtualFilterChain.doFilter(CompositeFilter.java:113) ~[spring-web-6.2.11.jar:6.2.11]
	at org.springframework.web.filter.ServletRequestPathFilter.doFilter(ServletRequestPathFilter.java:52) ~[spring-web-6.2.11.jar:6.2.11]
	at org.springframework.web.filter.CompositeFilter$VirtualFilterChain.doFilter(CompositeFilter.java:113) ~[spring-web-6.2.11.jar:6.2.11]
	at org.springframework.web.filter.CompositeFilter.doFilter(CompositeFilter.java:74) ~[spring-web-6.2.11.jar:6.2.11]
	at org.springframework.security.config.annotation.web.configuration.WebSecurityConfiguration$CompositeFilterChainProxy.doFilter(WebSecurityConfiguration.java:319) ~[spring-security-config-6.5.5.jar:6.5.5]
	at org.springframework.web.filter.CompositeFilter$VirtualFilterChain.doFilter(CompositeFilter.java:113) ~[spring-web-6.2.11.jar:6.2.11]
	at org.springframework.web.servlet.handler.HandlerMappingIntrospector.lambda$createCacheFilter$4(HandlerMappingIntrospector.java:267) ~[spring-webmvc-6.2.11.jar:6.2.11]
	at org.springframework.web.filter.CompositeFilter$VirtualFilterChain.doFilter(CompositeFilter.java:113) ~[spring-web-6.2.11.jar:6.2.11]
	at org.springframework.web.filter.CompositeFilter.doFilter(CompositeFilter.java:74) ~[spring-web-6.2.11.jar:6.2.11]
	at org.springframework.security.config.annotation.web.configuration.WebMvcSecurityConfiguration$CompositeFilterChainProxy.doFilter(WebMvcSecurityConfiguration.java:240) ~[spring-security-config-6.5.5.jar:6.5.5]
	at org.springframework.web.filter.DelegatingFilterProxy.invokeDelegate(DelegatingFilterProxy.java:362) ~[spring-web-6.2.11.jar:6.2.11]
	at org.springframework.web.filter.DelegatingFilterProxy.doFilter(DelegatingFilterProxy.java:278) ~[spring-web-6.2.11.jar:6.2.11]
	at org.apache.catalina.core.ApplicationFilterChain.internalDoFilter(ApplicationFilterChain.java:164) ~[tomcat-embed-core-10.1.46.jar:10.1.46]
	at org.apache.catalina.core.ApplicationFilterChain.doFilter(ApplicationFilterChain.java:140) ~[tomcat-embed-core-10.1.46.jar:10.1.46]
	at org.springframework.web.filter.RequestContextFilter.doFilterInternal(RequestContextFilter.java:100) ~[spring-web-6.2.11.jar:6.2.11]
	at org.springframework.web.filter.OncePerRequestFilter.doFilter(OncePerRequestFilter.java:116) ~[spring-web-6.2.11.jar:6.2.11]
	at org.apache.catalina.core.ApplicationFilterChain.internalDoFilter(ApplicationFilterChain.java:164) ~[tomcat-embed-core-10.1.46.jar:10.1.46]
	at org.apache.catalina.core.ApplicationFilterChain.doFilter(ApplicationFilterChain.java:140) ~[tomcat-embed-core-10.1.46.jar:10.1.46]
	at org.springframework.web.filter.FormContentFilter.doFilterInternal(FormContentFilter.java:93) ~[spring-web-6.2.11.jar:6.2.11]
	at org.springframework.web.filter.OncePerRequestFilter.doFilter(OncePerRequestFilter.java:116) ~[spring-web-6.2.11.jar:6.2.11]
	at org.apache.catalina.core.ApplicationFilterChain.internalDoFilter(ApplicationFilterChain.java:164) ~[tomcat-embed-core-10.1.46.jar:10.1.46]
	at org.apache.catalina.core.ApplicationFilterChain.doFilter(ApplicationFilterChain.java:140) ~[tomcat-embed-core-10.1.46.jar:10.1.46]
	at org.springframework.web.filter.CharacterEncodingFilter.doFilterInternal(CharacterEncodingFilter.java:201) ~[spring-web-6.2.11.jar:6.2.11]
	at org.springframework.web.filter.OncePerRequestFilter.doFilter(OncePerRequestFilter.java:116) ~[spring-web-6.2.11.jar:6.2.11]
	at org.apache.catalina.core.ApplicationFilterChain.internalDoFilter(ApplicationFilterChain.java:164) ~[tomcat-embed-core-10.1.46.jar:10.1.46]
	at org.apache.catalina.core.ApplicationFilterChain.doFilter(ApplicationFilterChain.java:140) ~[tomcat-embed-core-10.1.46.jar:10.1.46]
	at org.apache.catalina.core.StandardWrapperValve.invoke(StandardWrapperValve.java:167) ~[tomcat-embed-core-10.1.46.jar:10.1.46]
	at org.apache.catalina.core.StandardContextValve.invoke(StandardContextValve.java:90) ~[tomcat-embed-core-10.1.46.jar:10.1.46]
	at org.apache.catalina.authenticator.AuthenticatorBase.invoke(AuthenticatorBase.java:483) ~[tomcat-embed-core-10.1.46.jar:10.1.46]
	at org.apache.catalina.core.StandardHostValve.invoke(StandardHostValve.java:116) ~[tomcat-embed-core-10.1.46.jar:10.1.46]
	at org.apache.catalina.valves.ErrorReportValve.invoke(ErrorReportValve.java:93) ~[tomcat-embed-core-10.1.46.jar:10.1.46]
	at org.apache.catalina.core.StandardEngineValve.invoke(StandardEngineValve.java:74) ~[tomcat-embed-core-10.1.46.jar:10.1.46]
	at org.apache.catalina.connector.CoyoteAdapter.service(CoyoteAdapter.java:344) ~[tomcat-embed-core-10.1.46.jar:10.1.46]
	at org.apache.coyote.http11.Http11Processor.service(Http11Processor.java:398) ~[tomcat-embed-core-10.1.46.jar:10.1.46]
	at org.apache.coyote.AbstractProcessorLight.process(AbstractProcessorLight.java:63) ~[tomcat-embed-core-10.1.46.jar:10.1.46]
	at org.apache.coyote.AbstractProtocol$ConnectionHandler.process(AbstractProtocol.java:903) ~[tomcat-embed-core-10.1.46.jar:10.1.46]
	at org.apache.tomcat.util.net.NioEndpoint$SocketProcessor.doRun(NioEndpoint.java:1776) ~[tomcat-embed-core-10.1.46.jar:10.1.46]
	at org.apache.tomcat.util.net.SocketProcessorBase.run(SocketProcessorBase.java:52) ~[tomcat-embed-core-10.1.46.jar:10.1.46]
	at java.base/java.lang.VirtualThread.run(VirtualThread.java:456) ~[na:na]

2025-12-18T16:41:18.982-05:00  INFO 30760 --- [JPA-Demo] [SpringApplicationShutdownHook] o.s.b.w.e.tomcat.GracefulShutdown        : Commencing graceful shutdown. Waiting for active requests to complete
2025-12-18T16:41:18.989-05:00  INFO 30760 --- [JPA-Demo] [tomcat-shutdown] o.s.b.w.e.tomcat.GracefulShutdown        : Graceful shutdown complete
2025-12-18T16:41:18.993-05:00  INFO 30760 --- [JPA-Demo] [SpringApplicationShutdownHook] j.LocalContainerEntityManagerFactoryBean : Closing JPA EntityManagerFactory for persistence unit 'default'
2025-12-18T16:41:18.996-05:00  INFO 30760 --- [JPA-Demo] [SpringApplicationShutdownHook] com.zaxxer.hikari.HikariDataSource       : HikariPool-1 - Shutdown initiated...
2025-12-18T16:41:19.006-05:00  INFO 30760 --- [JPA-Demo] [SpringApplicationShutdownHook] com.zaxxer.hikari.HikariDataSource       : HikariPool-1 - Shutdown completed.
2025-12-18T16:41:22.782-05:00  INFO 11040 --- [JPA-Demo] [restartedMain] org.example.jpademo.JpaDemoApplication   : Starting JpaDemoApplication using Java 25 with PID 11040 (C:\Users\murta\Dropbox\PC\Downloads\College Course Books & Materials\Java\JPA-Demo\target\classes started by murta in C:\Users\murta\Dropbox\PC\Downloads\College Course Books & Materials\Java\JPA-Demo)
2025-12-18T16:41:22.783-05:00  INFO 11040 --- [JPA-Demo] [restartedMain] org.example.jpademo.JpaDemoApplication   : No active profile set, falling back to 1 default profile: "default"
2025-12-18T16:41:22.830-05:00  INFO 11040 --- [JPA-Demo] [restartedMain] .e.DevToolsPropertyDefaultsPostProcessor : Devtools property defaults active! Set 'spring.devtools.add-properties' to 'false' to disable
2025-12-18T16:41:22.831-05:00  INFO 11040 --- [JPA-Demo] [restartedMain] .e.DevToolsPropertyDefaultsPostProcessor : For additional web related logging consider setting the 'logging.level.web' property to 'DEBUG'
2025-12-18T16:41:23.571-05:00  INFO 11040 --- [JPA-Demo] [restartedMain] .s.d.r.c.RepositoryConfigurationDelegate : Bootstrapping Spring Data JPA repositories in DEFAULT mode.
2025-12-18T16:41:23.628-05:00  INFO 11040 --- [JPA-Demo] [restartedMain] .s.d.r.c.RepositoryConfigurationDelegate : Finished Spring Data repository scanning in 47 ms. Found 2 JPA repository interfaces.
2025-12-18T16:41:24.247-05:00  INFO 11040 --- [JPA-Demo] [restartedMain] o.s.b.w.embedded.tomcat.TomcatWebServer  : Tomcat initialized with port 8080 (http)
2025-12-18T16:41:24.260-05:00  INFO 11040 --- [JPA-Demo] [restartedMain] o.apache.catalina.core.StandardService   : Starting service [Tomcat]
2025-12-18T16:41:24.260-05:00  INFO 11040 --- [JPA-Demo] [restartedMain] o.apache.catalina.core.StandardEngine    : Starting Servlet engine: [Apache Tomcat/10.1.46]
2025-12-18T16:41:24.305-05:00  INFO 11040 --- [JPA-Demo] [restartedMain] o.a.c.c.C.[Tomcat].[localhost].[/]       : Initializing Spring embedded WebApplicationContext
2025-12-18T16:41:24.306-05:00  INFO 11040 --- [JPA-Demo] [restartedMain] w.s.c.ServletWebServerApplicationContext : Root WebApplicationContext: initialization completed in 1474 ms
2025-12-18T16:41:24.499-05:00  INFO 11040 --- [JPA-Demo] [restartedMain] o.hibernate.jpa.internal.util.LogHelper  : HHH000204: Processing PersistenceUnitInfo [name: default]
2025-12-18T16:41:24.554-05:00  INFO 11040 --- [JPA-Demo] [restartedMain] org.hibernate.Version                    : HHH000412: Hibernate ORM core version 6.6.29.Final
2025-12-18T16:41:24.589-05:00  INFO 11040 --- [JPA-Demo] [restartedMain] o.h.c.internal.RegionFactoryInitiator    : HHH000026: Second-level cache disabled
2025-12-18T16:41:24.877-05:00  INFO 11040 --- [JPA-Demo] [restartedMain] o.s.o.j.p.SpringPersistenceUnitInfo      : No LoadTimeWeaver setup: ignoring JPA class transformer
2025-12-18T16:41:24.909-05:00  INFO 11040 --- [JPA-Demo] [restartedMain] com.zaxxer.hikari.HikariDataSource       : HikariPool-1 - Starting...
2025-12-18T16:41:25.239-05:00  INFO 11040 --- [JPA-Demo] [restartedMain] com.zaxxer.hikari.pool.HikariPool        : HikariPool-1 - Added connection com.mysql.cj.jdbc.ConnectionImpl@239ede8e
2025-12-18T16:41:25.241-05:00  INFO 11040 --- [JPA-Demo] [restartedMain] com.zaxxer.hikari.HikariDataSource       : HikariPool-1 - Start completed.
2025-12-18T16:41:25.316-05:00  INFO 11040 --- [JPA-Demo] [restartedMain] org.hibernate.orm.connections.pooling    : HHH10001005: Database info:
	Database JDBC URL [Connecting through datasource 'HikariDataSource (HikariPool-1)']
	Database driver: undefined/unknown
	Database version: 8.0.34
	Autocommit mode: undefined/unknown
	Isolation level: undefined/unknown
	Minimum pool size: undefined/unknown
	Maximum pool size: undefined/unknown
2025-12-18T16:41:26.196-05:00  INFO 11040 --- [JPA-Demo] [restartedMain] o.h.e.t.j.p.i.JtaPlatformInitiator       : HHH000489: No JTA platform available (set 'hibernate.transaction.jta.platform' to enable JTA platform integration)
2025-12-18T16:41:26.267-05:00  INFO 11040 --- [JPA-Demo] [restartedMain] j.LocalContainerEntityManagerFactoryBean : Initialized JPA EntityManagerFactory for persistence unit 'default'
2025-12-18T16:41:26.296-05:00  INFO 11040 --- [JPA-Demo] [restartedMain] o.s.s.p.JdbcUserDetailsManager           : No authentication manager set. Reauthentication of users when changing passwords will not be performed.
2025-12-18T16:41:26.767-05:00  WARN 11040 --- [JPA-Demo] [restartedMain] JpaBaseConfiguration$JpaWebConfiguration : spring.jpa.open-in-view is enabled by default. Therefore, database queries may be performed during view rendering. Explicitly configure spring.jpa.open-in-view to disable this warning
2025-12-18T16:41:26.984-05:00  INFO 11040 --- [JPA-Demo] [restartedMain] r$InitializeUserDetailsManagerConfigurer : Global AuthenticationManager configured with UserDetailsService bean with name jdbcUserDetailsManager
2025-12-18T16:41:27.361-05:00  INFO 11040 --- [JPA-Demo] [restartedMain] o.s.b.a.h2.H2ConsoleAutoConfiguration    : H2 console available at '/h2-console'. Database available at 'jdbc:mysql://localhost:3306/pokemon'
2025-12-18T16:41:27.422-05:00  INFO 11040 --- [JPA-Demo] [restartedMain] o.s.b.d.a.OptionalLiveReloadServer       : LiveReload server is running on port 35729
2025-12-18T16:41:27.459-05:00  INFO 11040 --- [JPA-Demo] [restartedMain] o.s.b.w.embedded.tomcat.TomcatWebServer  : Tomcat started on port 8080 (http) with context path '/'
2025-12-18T16:41:27.466-05:00  INFO 11040 --- [JPA-Demo] [restartedMain] org.example.jpademo.JpaDemoApplication   : Started JpaDemoApplication in 5.054 seconds (process running for 5.6)
2025-12-18T16:41:34.642-05:00  INFO 11040 --- [JPA-Demo] [tomcat-handler-1] o.a.c.c.C.[Tomcat].[localhost].[/]       : Initializing Spring DispatcherServlet 'dispatcherServlet'
2025-12-18T16:41:34.642-05:00  INFO 11040 --- [JPA-Demo] [tomcat-handler-1] o.s.web.servlet.DispatcherServlet        : Initializing Servlet 'dispatcherServlet'
2025-12-18T16:41:34.645-05:00  INFO 11040 --- [JPA-Demo] [tomcat-handler-1] o.s.web.servlet.DispatcherServlet        : Completed initialization in 2 ms
2025-12-18T16:41:34.897-05:00 ERROR 11040 --- [JPA-Demo] [tomcat-handler-1] o.a.c.c.C.[.[.[/].[dispatcherServlet]    : Servlet.service() for servlet [dispatcherServlet] in context with path [] threw exception [Request processing failed: org.springframework.jdbc.BadSqlGrammarException: PreparedStatementCallback; bad SQL grammar [select username from users where username = ?]] with root cause

java.sql.SQLSyntaxErrorException: Table 'pokemon.users' doesn't exist
	at com.mysql.cj.jdbc.exceptions.SQLError.createSQLException(SQLError.java:112) ~[mysql-connector-j-9.4.0.jar:9.4.0]
	at com.mysql.cj.jdbc.exceptions.SQLExceptionsMapping.translateException(SQLExceptionsMapping.java:114) ~[mysql-connector-j-9.4.0.jar:9.4.0]
	at com.mysql.cj.jdbc.ClientPreparedStatement.executeInternal(ClientPreparedStatement.java:988) ~[mysql-connector-j-9.4.0.jar:9.4.0]
	at com.mysql.cj.jdbc.ClientPreparedStatement.executeQuery(ClientPreparedStatement.java:1056) ~[mysql-connector-j-9.4.0.jar:9.4.0]
	at com.zaxxer.hikari.pool.ProxyPreparedStatement.executeQuery(ProxyPreparedStatement.java:52) ~[HikariCP-6.3.3.jar:na]
	at com.zaxxer.hikari.pool.HikariProxyPreparedStatement.executeQuery(HikariProxyPreparedStatement.java) ~[HikariCP-6.3.3.jar:na]
	at org.springframework.jdbc.core.JdbcTemplate$1.doInPreparedStatement(JdbcTemplate.java:732) ~[spring-jdbc-6.2.11.jar:6.2.11]
	at org.springframework.jdbc.core.JdbcTemplate.execute(JdbcTemplate.java:658) ~[spring-jdbc-6.2.11.jar:6.2.11]
	at org.springframework.jdbc.core.JdbcTemplate.query(JdbcTemplate.java:723) ~[spring-jdbc-6.2.11.jar:6.2.11]
	at org.springframework.jdbc.core.JdbcTemplate.query(JdbcTemplate.java:754) ~[spring-jdbc-6.2.11.jar:6.2.11]
	at org.springframework.jdbc.core.JdbcTemplate.query(JdbcTemplate.java:767) ~[spring-jdbc-6.2.11.jar:6.2.11]
	at org.springframework.jdbc.core.JdbcTemplate.query(JdbcTemplate.java:820) ~[spring-jdbc-6.2.11.jar:6.2.11]
	at org.springframework.jdbc.core.JdbcTemplate.queryForList(JdbcTemplate.java:944) ~[spring-jdbc-6.2.11.jar:6.2.11]
	at org.springframework.security.provisioning.JdbcUserDetailsManager.userExists(JdbcUserDetailsManager.java:340) ~[spring-security-core-6.5.5.jar:6.5.5]
	at org.example.jpademo.service.JDBCUserService.userExists(JDBCUserService.java:14) ~[classes/:na]
	at org.example.jpademo.controller.HomeController.postSignupPage(HomeController.java:47) ~[classes/:na]
	at java.base/jdk.internal.reflect.DirectMethodHandleAccessor.invoke(DirectMethodHandleAccessor.java:104) ~[na:na]
	at java.base/java.lang.reflect.Method.invoke(Method.java:565) ~[na:na]
	at org.springframework.web.method.support.InvocableHandlerMethod.doInvoke(InvocableHandlerMethod.java:258) ~[spring-web-6.2.11.jar:6.2.11]
	at org.springframework.web.method.support.InvocableHandlerMethod.invokeForRequest(InvocableHandlerMethod.java:191) ~[spring-web-6.2.11.jar:6.2.11]
	at org.springframework.web.servlet.mvc.method.annotation.ServletInvocableHandlerMethod.invokeAndHandle(ServletInvocableHandlerMethod.java:118) ~[spring-webmvc-6.2.11.jar:6.2.11]
	at org.springframework.web.servlet.mvc.method.annotation.RequestMappingHandlerAdapter.invokeHandlerMethod(RequestMappingHandlerAdapter.java:991) ~[spring-webmvc-6.2.11.jar:6.2.11]
	at org.springframework.web.servlet.mvc.method.annotation.RequestMappingHandlerAdapter.handleInternal(RequestMappingHandlerAdapter.java:896) ~[spring-webmvc-6.2.11.jar:6.2.11]
	at org.springframework.web.servlet.mvc.method.AbstractHandlerMethodAdapter.handle(AbstractHandlerMethodAdapter.java:87) ~[spring-webmvc-6.2.11.jar:6.2.11]
	at org.springframework.web.servlet.DispatcherServlet.doDispatch(DispatcherServlet.java:1089) ~[spring-webmvc-6.2.11.jar:6.2.11]
	at org.springframework.web.servlet.DispatcherServlet.doService(DispatcherServlet.java:979) ~[spring-webmvc-6.2.11.jar:6.2.11]
	at org.springframework.web.servlet.FrameworkServlet.processRequest(FrameworkServlet.java:1014) ~[spring-webmvc-6.2.11.jar:6.2.11]
	at org.springframework.web.servlet.FrameworkServlet.doPost(FrameworkServlet.java:914) ~[spring-webmvc-6.2.11.jar:6.2.11]
	at jakarta.servlet.http.HttpServlet.service(HttpServlet.java:590) ~[tomcat-embed-core-10.1.46.jar:6.0]
	at org.springframework.web.servlet.FrameworkServlet.service(FrameworkServlet.java:885) ~[spring-webmvc-6.2.11.jar:6.2.11]
	at jakarta.servlet.http.HttpServlet.service(HttpServlet.java:658) ~[tomcat-embed-core-10.1.46.jar:6.0]
	at org.apache.catalina.core.ApplicationFilterChain.internalDoFilter(ApplicationFilterChain.java:195) ~[tomcat-embed-core-10.1.46.jar:10.1.46]
	at org.apache.catalina.core.ApplicationFilterChain.doFilter(ApplicationFilterChain.java:140) ~[tomcat-embed-core-10.1.46.jar:10.1.46]
	at org.apache.tomcat.websocket.server.WsFilter.doFilter(WsFilter.java:51) ~[tomcat-embed-websocket-10.1.46.jar:10.1.46]
	at org.apache.catalina.core.ApplicationFilterChain.internalDoFilter(ApplicationFilterChain.java:164) ~[tomcat-embed-core-10.1.46.jar:10.1.46]
	at org.apache.catalina.core.ApplicationFilterChain.doFilter(ApplicationFilterChain.java:140) ~[tomcat-embed-core-10.1.46.jar:10.1.46]
	at org.springframework.web.servlet.resource.ResourceUrlEncodingFilter.doFilter(ResourceUrlEncodingFilter.java:66) ~[spring-webmvc-6.2.11.jar:6.2.11]
	at org.apache.catalina.core.ApplicationFilterChain.internalDoFilter(ApplicationFilterChain.java:164) ~[tomcat-embed-core-10.1.46.jar:10.1.46]
	at org.apache.catalina.core.ApplicationFilterChain.doFilter(ApplicationFilterChain.java:140) ~[tomcat-embed-core-10.1.46.jar:10.1.46]
	at org.springframework.web.filter.CompositeFilter$VirtualFilterChain.doFilter(CompositeFilter.java:108) ~[spring-web-6.2.11.jar:6.2.11]
	at org.springframework.web.filter.CompositeFilter$VirtualFilterChain.doFilter(CompositeFilter.java:108) ~[spring-web-6.2.11.jar:6.2.11]
	at org.springframework.security.web.FilterChainProxy.lambda$doFilterInternal$3(FilterChainProxy.java:231) ~[spring-security-web-6.5.5.jar:6.5.5]
	at org.springframework.security.web.FilterChainProxy$VirtualFilterChain.doFilter(FilterChainProxy.java:365) ~[spring-security-web-6.5.5.jar:6.5.5]
	at org.springframework.security.web.access.intercept.AuthorizationFilter.doFilter(AuthorizationFilter.java:101) ~[spring-security-web-6.5.5.jar:6.5.5]
	at org.springframework.security.web.FilterChainProxy$VirtualFilterChain.doFilter(FilterChainProxy.java:374) ~[spring-security-web-6.5.5.jar:6.5.5]
	at org.springframework.security.web.access.ExceptionTranslationFilter.doFilter(ExceptionTranslationFilter.java:125) ~[spring-security-web-6.5.5.jar:6.5.5]
	at org.springframework.security.web.access.ExceptionTranslationFilter.doFilter(ExceptionTranslationFilter.java:119) ~[spring-security-web-6.5.5.jar:6.5.5]
	at org.springframework.security.web.FilterChainProxy$VirtualFilterChain.doFilter(FilterChainProxy.java:374) ~[spring-security-web-6.5.5.jar:6.5.5]
	at org.springframework.security.web.authentication.AnonymousAuthenticationFilter.doFilter(AnonymousAuthenticationFilter.java:100) ~[spring-security-web-6.5.5.jar:6.5.5]
	at org.springframework.security.web.FilterChainProxy$VirtualFilterChain.doFilter(FilterChainProxy.java:374) ~[spring-security-web-6.5.5.jar:6.5.5]
	at org.springframework.security.web.servletapi.SecurityContextHolderAwareRequestFilter.doFilter(SecurityContextHolderAwareRequestFilter.java:179) ~[spring-security-web-6.5.5.jar:6.5.5]
	at org.springframework.security.web.FilterChainProxy$VirtualFilterChain.doFilter(FilterChainProxy.java:374) ~[spring-security-web-6.5.5.jar:6.5.5]
	at org.springframework.security.web.savedrequest.RequestCacheAwareFilter.doFilter(RequestCacheAwareFilter.java:63) ~[spring-security-web-6.5.5.jar:6.5.5]
	at org.springframework.security.web.FilterChainProxy$VirtualFilterChain.doFilter(FilterChainProxy.java:374) ~[spring-security-web-6.5.5.jar:6.5.5]
	at org.springframework.security.web.authentication.AbstractAuthenticationProcessingFilter.doFilter(AbstractAuthenticationProcessingFilter.java:235) ~[spring-security-web-6.5.5.jar:6.5.5]
	at org.springframework.security.web.authentication.AbstractAuthenticationProcessingFilter.doFilter(AbstractAuthenticationProcessingFilter.java:229) ~[spring-security-web-6.5.5.jar:6.5.5]
	at org.springframework.security.web.FilterChainProxy$VirtualFilterChain.doFilter(FilterChainProxy.java:374) ~[spring-security-web-6.5.5.jar:6.5.5]
	at org.springframework.security.web.authentication.logout.LogoutFilter.doFilter(LogoutFilter.java:107) ~[spring-security-web-6.5.5.jar:6.5.5]
	at org.springframework.security.web.authentication.logout.LogoutFilter.doFilter(LogoutFilter.java:93) ~[spring-security-web-6.5.5.jar:6.5.5]
	at org.springframework.security.web.FilterChainProxy$VirtualFilterChain.doFilter(FilterChainProxy.java:374) ~[spring-security-web-6.5.5.jar:6.5.5]
	at org.springframework.security.web.header.HeaderWriterFilter.doHeadersAfter(HeaderWriterFilter.java:90) ~[spring-security-web-6.5.5.jar:6.5.5]
	at org.springframework.security.web.header.HeaderWriterFilter.doFilterInternal(HeaderWriterFilter.java:75) ~[spring-security-web-6.5.5.jar:6.5.5]
	at org.springframework.web.filter.OncePerRequestFilter.doFilter(OncePerRequestFilter.java:116) ~[spring-web-6.2.11.jar:6.2.11]
	at org.springframework.security.web.FilterChainProxy$VirtualFilterChain.doFilter(FilterChainProxy.java:374) ~[spring-security-web-6.5.5.jar:6.5.5]
	at org.springframework.security.web.context.SecurityContextHolderFilter.doFilter(SecurityContextHolderFilter.java:82) ~[spring-security-web-6.5.5.jar:6.5.5]
	at org.springframework.security.web.context.SecurityContextHolderFilter.doFilter(SecurityContextHolderFilter.java:69) ~[spring-security-web-6.5.5.jar:6.5.5]
	at org.springframework.security.web.FilterChainProxy$VirtualFilterChain.doFilter(FilterChainProxy.java:374) ~[spring-security-web-6.5.5.jar:6.5.5]
	at org.springframework.security.web.context.request.async.WebAsyncManagerIntegrationFilter.doFilterInternal(WebAsyncManagerIntegrationFilter.java:62) ~[spring-security-web-6.5.5.jar:6.5.5]
	at org.springframework.web.filter.OncePerRequestFilter.doFilter(OncePerRequestFilter.java:116) ~[spring-web-6.2.11.jar:6.2.11]
	at org.springframework.security.web.FilterChainProxy$VirtualFilterChain.doFilter(FilterChainProxy.java:374) ~[spring-security-web-6.5.5.jar:6.5.5]
	at org.springframework.security.web.session.DisableEncodeUrlFilter.doFilterInternal(DisableEncodeUrlFilter.java:42) ~[spring-security-web-6.5.5.jar:6.5.5]
	at org.springframework.web.filter.OncePerRequestFilter.doFilter(OncePerRequestFilter.java:116) ~[spring-web-6.2.11.jar:6.2.11]
	at org.springframework.security.web.FilterChainProxy$VirtualFilterChain.doFilter(FilterChainProxy.java:374) ~[spring-security-web-6.5.5.jar:6.5.5]
	at org.springframework.security.web.FilterChainProxy.doFilterInternal(FilterChainProxy.java:233) ~[spring-security-web-6.5.5.jar:6.5.5]
	at org.springframework.security.web.FilterChainProxy.doFilter(FilterChainProxy.java:191) ~[spring-security-web-6.5.5.jar:6.5.5]
	at org.springframework.web.filter.CompositeFilter$VirtualFilterChain.doFilter(CompositeFilter.java:113) ~[spring-web-6.2.11.jar:6.2.11]
	at org.springframework.web.filter.ServletRequestPathFilter.doFilter(ServletRequestPathFilter.java:52) ~[spring-web-6.2.11.jar:6.2.11]
	at org.springframework.web.filter.CompositeFilter$VirtualFilterChain.doFilter(CompositeFilter.java:113) ~[spring-web-6.2.11.jar:6.2.11]
	at org.springframework.web.filter.CompositeFilter.doFilter(CompositeFilter.java:74) ~[spring-web-6.2.11.jar:6.2.11]
	at org.springframework.security.config.annotation.web.configuration.WebSecurityConfiguration$CompositeFilterChainProxy.doFilter(WebSecurityConfiguration.java:319) ~[spring-security-config-6.5.5.jar:6.5.5]
	at org.springframework.web.filter.CompositeFilter$VirtualFilterChain.doFilter(CompositeFilter.java:113) ~[spring-web-6.2.11.jar:6.2.11]
	at org.springframework.web.servlet.handler.HandlerMappingIntrospector.lambda$createCacheFilter$4(HandlerMappingIntrospector.java:267) ~[spring-webmvc-6.2.11.jar:6.2.11]
	at org.springframework.web.filter.CompositeFilter$VirtualFilterChain.doFilter(CompositeFilter.java:113) ~[spring-web-6.2.11.jar:6.2.11]
	at org.springframework.web.filter.CompositeFilter.doFilter(CompositeFilter.java:74) ~[spring-web-6.2.11.jar:6.2.11]
	at org.springframework.security.config.annotation.web.configuration.WebMvcSecurityConfiguration$CompositeFilterChainProxy.doFilter(WebMvcSecurityConfiguration.java:240) ~[spring-security-config-6.5.5.jar:6.5.5]
	at org.springframework.web.filter.DelegatingFilterProxy.invokeDelegate(DelegatingFilterProxy.java:362) ~[spring-web-6.2.11.jar:6.2.11]
	at org.springframework.web.filter.DelegatingFilterProxy.doFilter(DelegatingFilterProxy.java:278) ~[spring-web-6.2.11.jar:6.2.11]
	at org.apache.catalina.core.ApplicationFilterChain.internalDoFilter(ApplicationFilterChain.java:164) ~[tomcat-embed-core-10.1.46.jar:10.1.46]
	at org.apache.catalina.core.ApplicationFilterChain.doFilter(ApplicationFilterChain.java:140) ~[tomcat-embed-core-10.1.46.jar:10.1.46]
	at org.springframework.web.filter.RequestContextFilter.doFilterInternal(RequestContextFilter.java:100) ~[spring-web-6.2.11.jar:6.2.11]
	at org.springframework.web.filter.OncePerRequestFilter.doFilter(OncePerRequestFilter.java:116) ~[spring-web-6.2.11.jar:6.2.11]
	at org.apache.catalina.core.ApplicationFilterChain.internalDoFilter(ApplicationFilterChain.java:164) ~[tomcat-embed-core-10.1.46.jar:10.1.46]
	at org.apache.catalina.core.ApplicationFilterChain.doFilter(ApplicationFilterChain.java:140) ~[tomcat-embed-core-10.1.46.jar:10.1.46]
	at org.springframework.web.filter.FormContentFilter.doFilterInternal(FormContentFilter.java:93) ~[spring-web-6.2.11.jar:6.2.11]
	at org.springframework.web.filter.OncePerRequestFilter.doFilter(OncePerRequestFilter.java:116) ~[spring-web-6.2.11.jar:6.2.11]
	at org.apache.catalina.core.ApplicationFilterChain.internalDoFilter(ApplicationFilterChain.java:164) ~[tomcat-embed-core-10.1.46.jar:10.1.46]
	at org.apache.catalina.core.ApplicationFilterChain.doFilter(ApplicationFilterChain.java:140) ~[tomcat-embed-core-10.1.46.jar:10.1.46]
	at org.springframework.web.filter.CharacterEncodingFilter.doFilterInternal(CharacterEncodingFilter.java:201) ~[spring-web-6.2.11.jar:6.2.11]
	at org.springframework.web.filter.OncePerRequestFilter.doFilter(OncePerRequestFilter.java:116) ~[spring-web-6.2.11.jar:6.2.11]
	at org.apache.catalina.core.ApplicationFilterChain.internalDoFilter(ApplicationFilterChain.java:164) ~[tomcat-embed-core-10.1.46.jar:10.1.46]
	at org.apache.catalina.core.ApplicationFilterChain.doFilter(ApplicationFilterChain.java:140) ~[tomcat-embed-core-10.1.46.jar:10.1.46]
	at org.apache.catalina.core.StandardWrapperValve.invoke(StandardWrapperValve.java:167) ~[tomcat-embed-core-10.1.46.jar:10.1.46]
	at org.apache.catalina.core.StandardContextValve.invoke(StandardContextValve.java:90) ~[tomcat-embed-core-10.1.46.jar:10.1.46]
	at org.apache.catalina.authenticator.AuthenticatorBase.invoke(AuthenticatorBase.java:483) ~[tomcat-embed-core-10.1.46.jar:10.1.46]
	at org.apache.catalina.core.StandardHostValve.invoke(StandardHostValve.java:116) ~[tomcat-embed-core-10.1.46.jar:10.1.46]
	at org.apache.catalina.valves.ErrorReportValve.invoke(ErrorReportValve.java:93) ~[tomcat-embed-core-10.1.46.jar:10.1.46]
	at org.apache.catalina.core.StandardEngineValve.invoke(StandardEngineValve.java:74) ~[tomcat-embed-core-10.1.46.jar:10.1.46]
	at org.apache.catalina.connector.CoyoteAdapter.service(CoyoteAdapter.java:344) ~[tomcat-embed-core-10.1.46.jar:10.1.46]
	at org.apache.coyote.http11.Http11Processor.service(Http11Processor.java:398) ~[tomcat-embed-core-10.1.46.jar:10.1.46]
	at org.apache.coyote.AbstractProcessorLight.process(AbstractProcessorLight.java:63) ~[tomcat-embed-core-10.1.46.jar:10.1.46]
	at org.apache.coyote.AbstractProtocol$ConnectionHandler.process(AbstractProtocol.java:903) ~[tomcat-embed-core-10.1.46.jar:10.1.46]
	at org.apache.tomcat.util.net.NioEndpoint$SocketProcessor.doRun(NioEndpoint.java:1776) ~[tomcat-embed-core-10.1.46.jar:10.1.46]
	at org.apache.tomcat.util.net.SocketProcessorBase.run(SocketProcessorBase.java:52) ~[tomcat-embed-core-10.1.46.jar:10.1.46]
	at java.base/java.lang.VirtualThread.run(VirtualThread.java:456) ~[na:na]

2025-12-18T16:41:36.937-05:00 ERROR 11040 --- [JPA-Demo] [tomcat-handler-3] o.a.c.c.C.[.[.[/].[dispatcherServlet]    : Servlet.service() for servlet [dispatcherServlet] in context with path [] threw exception [Request processing failed: org.springframework.jdbc.BadSqlGrammarException: PreparedStatementCallback; bad SQL grammar [select username from users where username = ?]] with root cause

java.sql.SQLSyntaxErrorException: Table 'pokemon.users' doesn't exist
	at com.mysql.cj.jdbc.exceptions.SQLError.createSQLException(SQLError.java:112) ~[mysql-connector-j-9.4.0.jar:9.4.0]
	at com.mysql.cj.jdbc.exceptions.SQLExceptionsMapping.translateException(SQLExceptionsMapping.java:114) ~[mysql-connector-j-9.4.0.jar:9.4.0]
	at com.mysql.cj.jdbc.ClientPreparedStatement.executeInternal(ClientPreparedStatement.java:988) ~[mysql-connector-j-9.4.0.jar:9.4.0]
	at com.mysql.cj.jdbc.ClientPreparedStatement.executeQuery(ClientPreparedStatement.java:1056) ~[mysql-connector-j-9.4.0.jar:9.4.0]
	at com.zaxxer.hikari.pool.ProxyPreparedStatement.executeQuery(ProxyPreparedStatement.java:52) ~[HikariCP-6.3.3.jar:na]
	at com.zaxxer.hikari.pool.HikariProxyPreparedStatement.executeQuery(HikariProxyPreparedStatement.java) ~[HikariCP-6.3.3.jar:na]
	at org.springframework.jdbc.core.JdbcTemplate$1.doInPreparedStatement(JdbcTemplate.java:732) ~[spring-jdbc-6.2.11.jar:6.2.11]
	at org.springframework.jdbc.core.JdbcTemplate.execute(JdbcTemplate.java:658) ~[spring-jdbc-6.2.11.jar:6.2.11]
	at org.springframework.jdbc.core.JdbcTemplate.query(JdbcTemplate.java:723) ~[spring-jdbc-6.2.11.jar:6.2.11]
	at org.springframework.jdbc.core.JdbcTemplate.query(JdbcTemplate.java:754) ~[spring-jdbc-6.2.11.jar:6.2.11]
	at org.springframework.jdbc.core.JdbcTemplate.query(JdbcTemplate.java:767) ~[spring-jdbc-6.2.11.jar:6.2.11]
	at org.springframework.jdbc.core.JdbcTemplate.query(JdbcTemplate.java:820) ~[spring-jdbc-6.2.11.jar:6.2.11]
	at org.springframework.jdbc.core.JdbcTemplate.queryForList(JdbcTemplate.java:944) ~[spring-jdbc-6.2.11.jar:6.2.11]
	at org.springframework.security.provisioning.JdbcUserDetailsManager.userExists(JdbcUserDetailsManager.java:340) ~[spring-security-core-6.5.5.jar:6.5.5]
	at org.example.jpademo.service.JDBCUserService.userExists(JDBCUserService.java:14) ~[classes/:na]
	at org.example.jpademo.controller.HomeController.postSignupPage(HomeController.java:47) ~[classes/:na]
	at java.base/jdk.internal.reflect.DirectMethodHandleAccessor.invoke(DirectMethodHandleAccessor.java:104) ~[na:na]
	at java.base/java.lang.reflect.Method.invoke(Method.java:565) ~[na:na]
	at org.springframework.web.method.support.InvocableHandlerMethod.doInvoke(InvocableHandlerMethod.java:258) ~[spring-web-6.2.11.jar:6.2.11]
	at org.springframework.web.method.support.InvocableHandlerMethod.invokeForRequest(InvocableHandlerMethod.java:191) ~[spring-web-6.2.11.jar:6.2.11]
	at org.springframework.web.servlet.mvc.method.annotation.ServletInvocableHandlerMethod.invokeAndHandle(ServletInvocableHandlerMethod.java:118) ~[spring-webmvc-6.2.11.jar:6.2.11]
	at org.springframework.web.servlet.mvc.method.annotation.RequestMappingHandlerAdapter.invokeHandlerMethod(RequestMappingHandlerAdapter.java:991) ~[spring-webmvc-6.2.11.jar:6.2.11]
	at org.springframework.web.servlet.mvc.method.annotation.RequestMappingHandlerAdapter.handleInternal(RequestMappingHandlerAdapter.java:896) ~[spring-webmvc-6.2.11.jar:6.2.11]
	at org.springframework.web.servlet.mvc.method.AbstractHandlerMethodAdapter.handle(AbstractHandlerMethodAdapter.java:87) ~[spring-webmvc-6.2.11.jar:6.2.11]
	at org.springframework.web.servlet.DispatcherServlet.doDispatch(DispatcherServlet.java:1089) ~[spring-webmvc-6.2.11.jar:6.2.11]
	at org.springframework.web.servlet.DispatcherServlet.doService(DispatcherServlet.java:979) ~[spring-webmvc-6.2.11.jar:6.2.11]
	at org.springframework.web.servlet.FrameworkServlet.processRequest(FrameworkServlet.java:1014) ~[spring-webmvc-6.2.11.jar:6.2.11]
	at org.springframework.web.servlet.FrameworkServlet.doPost(FrameworkServlet.java:914) ~[spring-webmvc-6.2.11.jar:6.2.11]
	at jakarta.servlet.http.HttpServlet.service(HttpServlet.java:590) ~[tomcat-embed-core-10.1.46.jar:6.0]
	at org.springframework.web.servlet.FrameworkServlet.service(FrameworkServlet.java:885) ~[spring-webmvc-6.2.11.jar:6.2.11]
	at jakarta.servlet.http.HttpServlet.service(HttpServlet.java:658) ~[tomcat-embed-core-10.1.46.jar:6.0]
	at org.apache.catalina.core.ApplicationFilterChain.internalDoFilter(ApplicationFilterChain.java:195) ~[tomcat-embed-core-10.1.46.jar:10.1.46]
	at org.apache.catalina.core.ApplicationFilterChain.doFilter(ApplicationFilterChain.java:140) ~[tomcat-embed-core-10.1.46.jar:10.1.46]
	at org.apache.tomcat.websocket.server.WsFilter.doFilter(WsFilter.java:51) ~[tomcat-embed-websocket-10.1.46.jar:10.1.46]
	at org.apache.catalina.core.ApplicationFilterChain.internalDoFilter(ApplicationFilterChain.java:164) ~[tomcat-embed-core-10.1.46.jar:10.1.46]
	at org.apache.catalina.core.ApplicationFilterChain.doFilter(ApplicationFilterChain.java:140) ~[tomcat-embed-core-10.1.46.jar:10.1.46]
	at org.springframework.web.servlet.resource.ResourceUrlEncodingFilter.doFilter(ResourceUrlEncodingFilter.java:66) ~[spring-webmvc-6.2.11.jar:6.2.11]
	at org.apache.catalina.core.ApplicationFilterChain.internalDoFilter(ApplicationFilterChain.java:164) ~[tomcat-embed-core-10.1.46.jar:10.1.46]
	at org.apache.catalina.core.ApplicationFilterChain.doFilter(ApplicationFilterChain.java:140) ~[tomcat-embed-core-10.1.46.jar:10.1.46]
	at org.springframework.web.filter.CompositeFilter$VirtualFilterChain.doFilter(CompositeFilter.java:108) ~[spring-web-6.2.11.jar:6.2.11]
	at org.springframework.web.filter.CompositeFilter$VirtualFilterChain.doFilter(CompositeFilter.java:108) ~[spring-web-6.2.11.jar:6.2.11]
	at org.springframework.security.web.FilterChainProxy.lambda$doFilterInternal$3(FilterChainProxy.java:231) ~[spring-security-web-6.5.5.jar:6.5.5]
	at org.springframework.security.web.FilterChainProxy$VirtualFilterChain.doFilter(FilterChainProxy.java:365) ~[spring-security-web-6.5.5.jar:6.5.5]
	at org.springframework.security.web.access.intercept.AuthorizationFilter.doFilter(AuthorizationFilter.java:101) ~[spring-security-web-6.5.5.jar:6.5.5]
	at org.springframework.security.web.FilterChainProxy$VirtualFilterChain.doFilter(FilterChainProxy.java:374) ~[spring-security-web-6.5.5.jar:6.5.5]
	at org.springframework.security.web.access.ExceptionTranslationFilter.doFilter(ExceptionTranslationFilter.java:125) ~[spring-security-web-6.5.5.jar:6.5.5]
	at org.springframework.security.web.access.ExceptionTranslationFilter.doFilter(ExceptionTranslationFilter.java:119) ~[spring-security-web-6.5.5.jar:6.5.5]
	at org.springframework.security.web.FilterChainProxy$VirtualFilterChain.doFilter(FilterChainProxy.java:374) ~[spring-security-web-6.5.5.jar:6.5.5]
	at org.springframework.security.web.authentication.AnonymousAuthenticationFilter.doFilter(AnonymousAuthenticationFilter.java:100) ~[spring-security-web-6.5.5.jar:6.5.5]
	at org.springframework.security.web.FilterChainProxy$VirtualFilterChain.doFilter(FilterChainProxy.java:374) ~[spring-security-web-6.5.5.jar:6.5.5]
	at org.springframework.security.web.servletapi.SecurityContextHolderAwareRequestFilter.doFilter(SecurityContextHolderAwareRequestFilter.java:179) ~[spring-security-web-6.5.5.jar:6.5.5]
	at org.springframework.security.web.FilterChainProxy$VirtualFilterChain.doFilter(FilterChainProxy.java:374) ~[spring-security-web-6.5.5.jar:6.5.5]
	at org.springframework.security.web.savedrequest.RequestCacheAwareFilter.doFilter(RequestCacheAwareFilter.java:63) ~[spring-security-web-6.5.5.jar:6.5.5]
	at org.springframework.security.web.FilterChainProxy$VirtualFilterChain.doFilter(FilterChainProxy.java:374) ~[spring-security-web-6.5.5.jar:6.5.5]
	at org.springframework.security.web.authentication.AbstractAuthenticationProcessingFilter.doFilter(AbstractAuthenticationProcessingFilter.java:235) ~[spring-security-web-6.5.5.jar:6.5.5]
	at org.springframework.security.web.authentication.AbstractAuthenticationProcessingFilter.doFilter(AbstractAuthenticationProcessingFilter.java:229) ~[spring-security-web-6.5.5.jar:6.5.5]
	at org.springframework.security.web.FilterChainProxy$VirtualFilterChain.doFilter(FilterChainProxy.java:374) ~[spring-security-web-6.5.5.jar:6.5.5]
	at org.springframework.security.web.authentication.logout.LogoutFilter.doFilter(LogoutFilter.java:107) ~[spring-security-web-6.5.5.jar:6.5.5]
	at org.springframework.security.web.authentication.logout.LogoutFilter.doFilter(LogoutFilter.java:93) ~[spring-security-web-6.5.5.jar:6.5.5]
	at org.springframework.security.web.FilterChainProxy$VirtualFilterChain.doFilter(FilterChainProxy.java:374) ~[spring-security-web-6.5.5.jar:6.5.5]
	at org.springframework.security.web.header.HeaderWriterFilter.doHeadersAfter(HeaderWriterFilter.java:90) ~[spring-security-web-6.5.5.jar:6.5.5]
	at org.springframework.security.web.header.HeaderWriterFilter.doFilterInternal(HeaderWriterFilter.java:75) ~[spring-security-web-6.5.5.jar:6.5.5]
	at org.springframework.web.filter.OncePerRequestFilter.doFilter(OncePerRequestFilter.java:116) ~[spring-web-6.2.11.jar:6.2.11]
	at org.springframework.security.web.FilterChainProxy$VirtualFilterChain.doFilter(FilterChainProxy.java:374) ~[spring-security-web-6.5.5.jar:6.5.5]
	at org.springframework.security.web.context.SecurityContextHolderFilter.doFilter(SecurityContextHolderFilter.java:82) ~[spring-security-web-6.5.5.jar:6.5.5]
	at org.springframework.security.web.context.SecurityContextHolderFilter.doFilter(SecurityContextHolderFilter.java:69) ~[spring-security-web-6.5.5.jar:6.5.5]
	at org.springframework.security.web.FilterChainProxy$VirtualFilterChain.doFilter(FilterChainProxy.java:374) ~[spring-security-web-6.5.5.jar:6.5.5]
	at org.springframework.security.web.context.request.async.WebAsyncManagerIntegrationFilter.doFilterInternal(WebAsyncManagerIntegrationFilter.java:62) ~[spring-security-web-6.5.5.jar:6.5.5]
	at org.springframework.web.filter.OncePerRequestFilter.doFilter(OncePerRequestFilter.java:116) ~[spring-web-6.2.11.jar:6.2.11]
	at org.springframework.security.web.FilterChainProxy$VirtualFilterChain.doFilter(FilterChainProxy.java:374) ~[spring-security-web-6.5.5.jar:6.5.5]
	at org.springframework.security.web.session.DisableEncodeUrlFilter.doFilterInternal(DisableEncodeUrlFilter.java:42) ~[spring-security-web-6.5.5.jar:6.5.5]
	at org.springframework.web.filter.OncePerRequestFilter.doFilter(OncePerRequestFilter.java:116) ~[spring-web-6.2.11.jar:6.2.11]
	at org.springframework.security.web.FilterChainProxy$VirtualFilterChain.doFilter(FilterChainProxy.java:374) ~[spring-security-web-6.5.5.jar:6.5.5]
	at org.springframework.security.web.FilterChainProxy.doFilterInternal(FilterChainProxy.java:233) ~[spring-security-web-6.5.5.jar:6.5.5]
	at org.springframework.security.web.FilterChainProxy.doFilter(FilterChainProxy.java:191) ~[spring-security-web-6.5.5.jar:6.5.5]
	at org.springframework.web.filter.CompositeFilter$VirtualFilterChain.doFilter(CompositeFilter.java:113) ~[spring-web-6.2.11.jar:6.2.11]
	at org.springframework.web.filter.ServletRequestPathFilter.doFilter(ServletRequestPathFilter.java:52) ~[spring-web-6.2.11.jar:6.2.11]
	at org.springframework.web.filter.CompositeFilter$VirtualFilterChain.doFilter(CompositeFilter.java:113) ~[spring-web-6.2.11.jar:6.2.11]
	at org.springframework.web.filter.CompositeFilter.doFilter(CompositeFilter.java:74) ~[spring-web-6.2.11.jar:6.2.11]
	at org.springframework.security.config.annotation.web.configuration.WebSecurityConfiguration$CompositeFilterChainProxy.doFilter(WebSecurityConfiguration.java:319) ~[spring-security-config-6.5.5.jar:6.5.5]
	at org.springframework.web.filter.CompositeFilter$VirtualFilterChain.doFilter(CompositeFilter.java:113) ~[spring-web-6.2.11.jar:6.2.11]
	at org.springframework.web.servlet.handler.HandlerMappingIntrospector.lambda$createCacheFilter$4(HandlerMappingIntrospector.java:267) ~[spring-webmvc-6.2.11.jar:6.2.11]
	at org.springframework.web.filter.CompositeFilter$VirtualFilterChain.doFilter(CompositeFilter.java:113) ~[spring-web-6.2.11.jar:6.2.11]
	at org.springframework.web.filter.CompositeFilter.doFilter(CompositeFilter.java:74) ~[spring-web-6.2.11.jar:6.2.11]
	at org.springframework.security.config.annotation.web.configuration.WebMvcSecurityConfiguration$CompositeFilterChainProxy.doFilter(WebMvcSecurityConfiguration.java:240) ~[spring-security-config-6.5.5.jar:6.5.5]
	at org.springframework.web.filter.DelegatingFilterProxy.invokeDelegate(DelegatingFilterProxy.java:362) ~[spring-web-6.2.11.jar:6.2.11]
	at org.springframework.web.filter.DelegatingFilterProxy.doFilter(DelegatingFilterProxy.java:278) ~[spring-web-6.2.11.jar:6.2.11]
	at org.apache.catalina.core.ApplicationFilterChain.internalDoFilter(ApplicationFilterChain.java:164) ~[tomcat-embed-core-10.1.46.jar:10.1.46]
	at org.apache.catalina.core.ApplicationFilterChain.doFilter(ApplicationFilterChain.java:140) ~[tomcat-embed-core-10.1.46.jar:10.1.46]
	at org.springframework.web.filter.RequestContextFilter.doFilterInternal(RequestContextFilter.java:100) ~[spring-web-6.2.11.jar:6.2.11]
	at org.springframework.web.filter.OncePerRequestFilter.doFilter(OncePerRequestFilter.java:116) ~[spring-web-6.2.11.jar:6.2.11]
	at org.apache.catalina.core.ApplicationFilterChain.internalDoFilter(ApplicationFilterChain.java:164) ~[tomcat-embed-core-10.1.46.jar:10.1.46]
	at org.apache.catalina.core.ApplicationFilterChain.doFilter(ApplicationFilterChain.java:140) ~[tomcat-embed-core-10.1.46.jar:10.1.46]
	at org.springframework.web.filter.FormContentFilter.doFilterInternal(FormContentFilter.java:93) ~[spring-web-6.2.11.jar:6.2.11]
	at org.springframework.web.filter.OncePerRequestFilter.doFilter(OncePerRequestFilter.java:116) ~[spring-web-6.2.11.jar:6.2.11]
	at org.apache.catalina.core.ApplicationFilterChain.internalDoFilter(ApplicationFilterChain.java:164) ~[tomcat-embed-core-10.1.46.jar:10.1.46]
	at org.apache.catalina.core.ApplicationFilterChain.doFilter(ApplicationFilterChain.java:140) ~[tomcat-embed-core-10.1.46.jar:10.1.46]
	at org.springframework.web.filter.CharacterEncodingFilter.doFilterInternal(CharacterEncodingFilter.java:201) ~[spring-web-6.2.11.jar:6.2.11]
	at org.springframework.web.filter.OncePerRequestFilter.doFilter(OncePerRequestFilter.java:116) ~[spring-web-6.2.11.jar:6.2.11]
	at org.apache.catalina.core.ApplicationFilterChain.internalDoFilter(ApplicationFilterChain.java:164) ~[tomcat-embed-core-10.1.46.jar:10.1.46]
	at org.apache.catalina.core.ApplicationFilterChain.doFilter(ApplicationFilterChain.java:140) ~[tomcat-embed-core-10.1.46.jar:10.1.46]
	at org.apache.catalina.core.StandardWrapperValve.invoke(StandardWrapperValve.java:167) ~[tomcat-embed-core-10.1.46.jar:10.1.46]
	at org.apache.catalina.core.StandardContextValve.invoke(StandardContextValve.java:90) ~[tomcat-embed-core-10.1.46.jar:10.1.46]
	at org.apache.catalina.authenticator.AuthenticatorBase.invoke(AuthenticatorBase.java:483) ~[tomcat-embed-core-10.1.46.jar:10.1.46]
	at org.apache.catalina.core.StandardHostValve.invoke(StandardHostValve.java:116) ~[tomcat-embed-core-10.1.46.jar:10.1.46]
	at org.apache.catalina.valves.ErrorReportValve.invoke(ErrorReportValve.java:93) ~[tomcat-embed-core-10.1.46.jar:10.1.46]
	at org.apache.catalina.core.StandardEngineValve.invoke(StandardEngineValve.java:74) ~[tomcat-embed-core-10.1.46.jar:10.1.46]
	at org.apache.catalina.connector.CoyoteAdapter.service(CoyoteAdapter.java:344) ~[tomcat-embed-core-10.1.46.jar:10.1.46]
	at org.apache.coyote.http11.Http11Processor.service(Http11Processor.java:398) ~[tomcat-embed-core-10.1.46.jar:10.1.46]
	at org.apache.coyote.AbstractProcessorLight.process(AbstractProcessorLight.java:63) ~[tomcat-embed-core-10.1.46.jar:10.1.46]
	at org.apache.coyote.AbstractProtocol$ConnectionHandler.process(AbstractProtocol.java:903) ~[tomcat-embed-core-10.1.46.jar:10.1.46]
	at org.apache.tomcat.util.net.NioEndpoint$SocketProcessor.doRun(NioEndpoint.java:1776) ~[tomcat-embed-core-10.1.46.jar:10.1.46]
	at org.apache.tomcat.util.net.SocketProcessorBase.run(SocketProcessorBase.java:52) ~[tomcat-embed-core-10.1.46.jar:10.1.46]
	at java.base/java.lang.VirtualThread.run(VirtualThread.java:456) ~[na:na]

2025-12-18T16:44:33.757-05:00  INFO 11040 --- [JPA-Demo] [File Watcher] rtingClassPathChangeChangedEventListener : Restarting due to 1 class path change (0 additions, 1 deletion, 0 modifications)
2025-12-18T16:44:33.761-05:00  INFO 11040 --- [JPA-Demo] [Thread-5] o.s.b.w.e.tomcat.GracefulShutdown        : Commencing graceful shutdown. Waiting for active requests to complete
2025-12-18T16:44:33.776-05:00  INFO 11040 --- [JPA-Demo] [tomcat-shutdown] o.s.b.w.e.tomcat.GracefulShutdown        : Graceful shutdown complete
2025-12-18T16:44:33.781-05:00  INFO 11040 --- [JPA-Demo] [Thread-5] j.LocalContainerEntityManagerFactoryBean : Closing JPA EntityManagerFactory for persistence unit 'default'
2025-12-18T16:44:33.786-05:00  INFO 11040 --- [JPA-Demo] [Thread-5] com.zaxxer.hikari.HikariDataSource       : HikariPool-1 - Shutdown initiated...
2025-12-18T16:44:33.798-05:00  INFO 11040 --- [JPA-Demo] [Thread-5] com.zaxxer.hikari.HikariDataSource       : HikariPool-1 - Shutdown completed.
2025-12-18T16:44:33.941-05:00  INFO 11040 --- [JPA-Demo] [restartedMain] org.example.jpademo.JpaDemoApplication   : Starting JpaDemoApplication using Java 25 with PID 11040 (C:\Users\murta\Dropbox\PC\Downloads\College Course Books & Materials\Java\JPA-Demo\target\classes started by murta in C:\Users\murta\Dropbox\PC\Downloads\College Course Books & Materials\Java\JPA-Demo)
2025-12-18T16:44:33.942-05:00  INFO 11040 --- [JPA-Demo] [restartedMain] org.example.jpademo.JpaDemoApplication   : No active profile set, falling back to 1 default profile: "default"
2025-12-18T16:44:34.173-05:00  INFO 11040 --- [JPA-Demo] [restartedMain] .s.d.r.c.RepositoryConfigurationDelegate : Bootstrapping Spring Data JPA repositories in DEFAULT mode.
2025-12-18T16:44:34.185-05:00  INFO 11040 --- [JPA-Demo] [restartedMain] .s.d.r.c.RepositoryConfigurationDelegate : Finished Spring Data repository scanning in 11 ms. Found 2 JPA repository interfaces.
2025-12-18T16:44:34.275-05:00  INFO 11040 --- [JPA-Demo] [restartedMain] o.s.b.w.embedded.tomcat.TomcatWebServer  : Tomcat initialized with port 8080 (http)
2025-12-18T16:44:34.275-05:00  INFO 11040 --- [JPA-Demo] [restartedMain] o.apache.catalina.core.StandardService   : Starting service [Tomcat]
2025-12-18T16:44:34.275-05:00  INFO 11040 --- [JPA-Demo] [restartedMain] o.apache.catalina.core.StandardEngine    : Starting Servlet engine: [Apache Tomcat/10.1.46]
2025-12-18T16:44:34.300-05:00  INFO 11040 --- [JPA-Demo] [restartedMain] o.a.c.c.C.[Tomcat].[localhost].[/]       : Initializing Spring embedded WebApplicationContext
2025-12-18T16:44:34.300-05:00  INFO 11040 --- [JPA-Demo] [restartedMain] w.s.c.ServletWebServerApplicationContext : Root WebApplicationContext: initialization completed in 356 ms
2025-12-18T16:44:34.356-05:00  INFO 11040 --- [JPA-Demo] [restartedMain] o.hibernate.jpa.internal.util.LogHelper  : HHH000204: Processing PersistenceUnitInfo [name: default]
2025-12-18T16:44:34.359-05:00  INFO 11040 --- [JPA-Demo] [restartedMain] o.h.c.internal.RegionFactoryInitiator    : HHH000026: Second-level cache disabled
2025-12-18T16:44:34.374-05:00  INFO 11040 --- [JPA-Demo] [restartedMain] o.s.o.j.p.SpringPersistenceUnitInfo      : No LoadTimeWeaver setup: ignoring JPA class transformer
2025-12-18T16:44:34.377-05:00  INFO 11040 --- [JPA-Demo] [restartedMain] com.zaxxer.hikari.HikariDataSource       : HikariPool-2 - Starting...
2025-12-18T16:44:34.404-05:00  INFO 11040 --- [JPA-Demo] [restartedMain] com.zaxxer.hikari.pool.HikariPool        : HikariPool-2 - Added connection com.mysql.cj.jdbc.ConnectionImpl@ae66e6e
2025-12-18T16:44:34.404-05:00  INFO 11040 --- [JPA-Demo] [restartedMain] com.zaxxer.hikari.HikariDataSource       : HikariPool-2 - Start completed.
2025-12-18T16:44:34.407-05:00  INFO 11040 --- [JPA-Demo] [restartedMain] org.hibernate.orm.connections.pooling    : HHH10001005: Database info:
	Database JDBC URL [Connecting through datasource 'HikariDataSource (HikariPool-2)']
	Database driver: undefined/unknown
	Database version: 8.0.34
	Autocommit mode: undefined/unknown
	Isolation level: undefined/unknown
	Minimum pool size: undefined/unknown
	Maximum pool size: undefined/unknown
2025-12-18T16:44:34.518-05:00  INFO 11040 --- [JPA-Demo] [restartedMain] o.h.e.t.j.p.i.JtaPlatformInitiator       : HHH000489: No JTA platform available (set 'hibernate.transaction.jta.platform' to enable JTA platform integration)
2025-12-18T16:44:34.548-05:00  INFO 11040 --- [JPA-Demo] [restartedMain] j.LocalContainerEntityManagerFactoryBean : Initialized JPA EntityManagerFactory for persistence unit 'default'
2025-12-18T16:44:34.558-05:00  WARN 11040 --- [JPA-Demo] [restartedMain] ConfigServletWebServerApplicationContext : Exception encountered during context initialization - cancelling refresh attempt: org.springframework.beans.factory.BeanCreationException: Error creating bean with name 'homeController': Resolution of declared constructors on bean Class [org.example.jpademo.controller.HomeController] from ClassLoader [org.springframework.boot.devtools.restart.classloader.RestartClassLoader@621480a9] failed
2025-12-18T16:44:34.559-05:00  INFO 11040 --- [JPA-Demo] [restartedMain] j.LocalContainerEntityManagerFactoryBean : Closing JPA EntityManagerFactory for persistence unit 'default'
2025-12-18T16:44:34.559-05:00  INFO 11040 --- [JPA-Demo] [restartedMain] com.zaxxer.hikari.HikariDataSource       : HikariPool-2 - Shutdown initiated...
2025-12-18T16:44:34.574-05:00  INFO 11040 --- [JPA-Demo] [restartedMain] com.zaxxer.hikari.HikariDataSource       : HikariPool-2 - Shutdown completed.
2025-12-18T16:44:34.575-05:00  INFO 11040 --- [JPA-Demo] [restartedMain] o.apache.catalina.core.StandardService   : Stopping service [Tomcat]
2025-12-18T16:44:34.583-05:00  INFO 11040 --- [JPA-Demo] [restartedMain] .s.b.a.l.ConditionEvaluationReportLogger : 

Error starting ApplicationContext. To display the condition evaluation report re-run your application with 'debug' enabled.
2025-12-18T16:44:34.614-05:00 ERROR 11040 --- [JPA-Demo] [restartedMain] o.s.boot.SpringApplication               : Application run failed

org.springframework.beans.factory.BeanCreationException: Error creating bean with name 'homeController': Resolution of declared constructors on bean Class [org.example.jpademo.controller.HomeController] from ClassLoader [org.springframework.boot.devtools.restart.classloader.RestartClassLoader@621480a9] failed
	at org.springframework.beans.factory.annotation.AutowiredAnnotationBeanPostProcessor.determineCandidateConstructors(AutowiredAnnotationBeanPostProcessor.java:384) ~[spring-beans-6.2.11.jar:6.2.11]
	at org.springframework.beans.factory.support.AbstractAutowireCapableBeanFactory.determineConstructorsFromBeanPostProcessors(AbstractAutowireCapableBeanFactory.java:1334) ~[spring-beans-6.2.11.jar:6.2.11]
	at org.springframework.beans.factory.support.AbstractAutowireCapableBeanFactory.createBeanInstance(AbstractAutowireCapableBeanFactory.java:1229) ~[spring-beans-6.2.11.jar:6.2.11]
	at org.springframework.beans.factory.support.AbstractAutowireCapableBeanFactory.doCreateBean(AbstractAutowireCapableBeanFactory.java:569) ~[spring-beans-6.2.11.jar:6.2.11]
	at org.springframework.beans.factory.support.AbstractAutowireCapableBeanFactory.createBean(AbstractAutowireCapableBeanFactory.java:529) ~[spring-beans-6.2.11.jar:6.2.11]
	at org.springframework.beans.factory.support.AbstractBeanFactory.lambda$doGetBean$0(AbstractBeanFactory.java:339) ~[spring-beans-6.2.11.jar:6.2.11]
	at org.springframework.beans.factory.support.DefaultSingletonBeanRegistry.getSingleton(DefaultSingletonBeanRegistry.java:373) ~[spring-beans-6.2.11.jar:6.2.11]
	at org.springframework.beans.factory.support.AbstractBeanFactory.doGetBean(AbstractBeanFactory.java:337) ~[spring-beans-6.2.11.jar:6.2.11]
	at org.springframework.beans.factory.support.AbstractBeanFactory.getBean(AbstractBeanFactory.java:202) ~[spring-beans-6.2.11.jar:6.2.11]
	at org.springframework.beans.factory.support.DefaultListableBeanFactory.instantiateSingleton(DefaultListableBeanFactory.java:1221) ~[spring-beans-6.2.11.jar:6.2.11]
	at org.springframework.beans.factory.support.DefaultListableBeanFactory.preInstantiateSingleton(DefaultListableBeanFactory.java:1187) ~[spring-beans-6.2.11.jar:6.2.11]
	at org.springframework.beans.factory.support.DefaultListableBeanFactory.preInstantiateSingletons(DefaultListableBeanFactory.java:1123) ~[spring-beans-6.2.11.jar:6.2.11]
	at org.springframework.context.support.AbstractApplicationContext.finishBeanFactoryInitialization(AbstractApplicationContext.java:987) ~[spring-context-6.2.11.jar:6.2.11]
	at org.springframework.context.support.AbstractApplicationContext.refresh(AbstractApplicationContext.java:627) ~[spring-context-6.2.11.jar:6.2.11]
	at org.springframework.boot.web.servlet.context.ServletWebServerApplicationContext.refresh(ServletWebServerApplicationContext.java:146) ~[spring-boot-3.5.6.jar:3.5.6]
	at org.springframework.boot.SpringApplication.refresh(SpringApplication.java:752) ~[spring-boot-3.5.6.jar:3.5.6]
	at org.springframework.boot.SpringApplication.refreshContext(SpringApplication.java:439) ~[spring-boot-3.5.6.jar:3.5.6]
	at org.springframework.boot.SpringApplication.run(SpringApplication.java:318) ~[spring-boot-3.5.6.jar:3.5.6]
	at org.springframework.boot.SpringApplication.run(SpringApplication.java:1361) ~[spring-boot-3.5.6.jar:3.5.6]
	at org.springframework.boot.SpringApplication.run(SpringApplication.java:1350) ~[spring-boot-3.5.6.jar:3.5.6]
	at org.example.jpademo.JpaDemoApplication.main(JpaDemoApplication.java:10) ~[classes/:na]
	at java.base/jdk.internal.reflect.DirectMethodHandleAccessor.invoke(DirectMethodHandleAccessor.java:104) ~[na:na]
	at java.base/java.lang.reflect.Method.invoke(Method.java:565) ~[na:na]
	at org.springframework.boot.devtools.restart.RestartLauncher.run(RestartLauncher.java:50) ~[spring-boot-devtools-3.5.6.jar:3.5.6]
Caused by: java.lang.NoClassDefFoundError: org/example/jpademo/service/JDBCUserService
	at java.base/java.lang.Class.getDeclaredConstructors0(Native Method) ~[na:na]
	at java.base/java.lang.Class.privateGetDeclaredConstructors(Class.java:2985) ~[na:na]
	at java.base/java.lang.Class.getDeclaredConstructors(Class.java:2354) ~[na:na]
	at org.springframework.beans.factory.annotation.AutowiredAnnotationBeanPostProcessor.determineCandidateConstructors(AutowiredAnnotationBeanPostProcessor.java:379) ~[spring-beans-6.2.11.jar:6.2.11]
	... 23 common frames omitted
Caused by: java.lang.ClassNotFoundException: org.example.jpademo.service.JDBCUserService
	at java.base/jdk.internal.loader.BuiltinClassLoader.loadClass(BuiltinClassLoader.java:580) ~[na:na]
	at java.base/java.lang.ClassLoader.loadClass(ClassLoader.java:490) ~[na:na]
	at java.base/java.lang.Class.forName0(Native Method) ~[na:na]
	at java.base/java.lang.Class.forName(Class.java:547) ~[na:na]
	at org.springframework.boot.devtools.restart.classloader.RestartClassLoader.loadClass(RestartClassLoader.java:121) ~[spring-boot-devtools-3.5.6.jar:3.5.6]
	at java.base/java.lang.ClassLoader.loadClass(ClassLoader.java:490) ~[na:na]
	... 27 common frames omitted

2025-12-18T17:09:45.184-05:00  INFO 11040 --- [JPA-Demo] [restartedMain] org.example.jpademo.JpaDemoApplication   : Starting JpaDemoApplication using Java 25 with PID 11040 (C:\Users\murta\Dropbox\PC\Downloads\College Course Books & Materials\Java\JPA-Demo\target\classes started by murta in C:\Users\murta\Dropbox\PC\Downloads\College Course Books & Materials\Java\JPA-Demo)
2025-12-18T17:09:45.184-05:00  INFO 11040 --- [JPA-Demo] [restartedMain] org.example.jpademo.JpaDemoApplication   : No active profile set, falling back to 1 default profile: "default"
2025-12-18T17:09:45.560-05:00  INFO 11040 --- [JPA-Demo] [restartedMain] .s.d.r.c.RepositoryConfigurationDelegate : Bootstrapping Spring Data JPA repositories in DEFAULT mode.
2025-12-18T17:09:45.578-05:00  INFO 11040 --- [JPA-Demo] [restartedMain] .s.d.r.c.RepositoryConfigurationDelegate : Finished Spring Data repository scanning in 16 ms. Found 2 JPA repository interfaces.
2025-12-18T17:09:45.827-05:00  INFO 11040 --- [JPA-Demo] [restartedMain] o.s.b.w.embedded.tomcat.TomcatWebServer  : Tomcat initialized with port 8080 (http)
2025-12-18T17:09:45.829-05:00  INFO 11040 --- [JPA-Demo] [restartedMain] o.apache.catalina.core.StandardService   : Starting service [Tomcat]
2025-12-18T17:09:45.829-05:00  INFO 11040 --- [JPA-Demo] [restartedMain] o.apache.catalina.core.StandardEngine    : Starting Servlet engine: [Apache Tomcat/10.1.46]
2025-12-18T17:09:45.889-05:00  INFO 11040 --- [JPA-Demo] [restartedMain] o.a.c.c.C.[Tomcat-1].[localhost].[/]     : Initializing Spring embedded WebApplicationContext
2025-12-18T17:09:45.889-05:00  INFO 11040 --- [JPA-Demo] [restartedMain] w.s.c.ServletWebServerApplicationContext : Root WebApplicationContext: initialization completed in 701 ms
2025-12-18T17:09:45.951-05:00  INFO 11040 --- [JPA-Demo] [restartedMain] com.zaxxer.hikari.HikariDataSource       : HikariPool-3 - Starting...
2025-12-18T17:09:45.981-05:00  INFO 11040 --- [JPA-Demo] [restartedMain] com.zaxxer.hikari.pool.HikariPool        : HikariPool-3 - Added connection com.mysql.cj.jdbc.ConnectionImpl@6f211abe
2025-12-18T17:09:45.982-05:00  INFO 11040 --- [JPA-Demo] [restartedMain] com.zaxxer.hikari.HikariDataSource       : HikariPool-3 - Start completed.
2025-12-18T17:09:46.018-05:00  INFO 11040 --- [JPA-Demo] [restartedMain] o.hibernate.jpa.internal.util.LogHelper  : HHH000204: Processing PersistenceUnitInfo [name: default]
2025-12-18T17:09:46.024-05:00  INFO 11040 --- [JPA-Demo] [restartedMain] o.h.c.internal.RegionFactoryInitiator    : HHH000026: Second-level cache disabled
2025-12-18T17:09:46.038-05:00  INFO 11040 --- [JPA-Demo] [restartedMain] o.s.o.j.p.SpringPersistenceUnitInfo      : No LoadTimeWeaver setup: ignoring JPA class transformer
2025-12-18T17:09:46.042-05:00  INFO 11040 --- [JPA-Demo] [restartedMain] org.hibernate.orm.connections.pooling    : HHH10001005: Database info:
	Database JDBC URL [Connecting through datasource 'HikariDataSource (HikariPool-3)']
	Database driver: undefined/unknown
	Database version: 8.0.34
	Autocommit mode: undefined/unknown
	Isolation level: undefined/unknown
	Minimum pool size: undefined/unknown
	Maximum pool size: undefined/unknown
2025-12-18T17:09:46.148-05:00  INFO 11040 --- [JPA-Demo] [restartedMain] o.h.e.t.j.p.i.JtaPlatformInitiator       : HHH000489: No JTA platform available (set 'hibernate.transaction.jta.platform' to enable JTA platform integration)
2025-12-18T17:09:46.186-05:00  INFO 11040 --- [JPA-Demo] [restartedMain] j.LocalContainerEntityManagerFactoryBean : Initialized JPA EntityManagerFactory for persistence unit 'default'
2025-12-18T17:09:46.201-05:00  WARN 11040 --- [JPA-Demo] [restartedMain] ConfigServletWebServerApplicationContext : Exception encountered during context initialization - cancelling refresh attempt: org.springframework.beans.factory.BeanCreationException: Error creating bean with name 'homeController': Resolution of declared constructors on bean Class [org.example.jpademo.controller.HomeController] from ClassLoader [org.springframework.boot.devtools.restart.classloader.RestartClassLoader@70e7e27] failed
2025-12-18T17:09:46.201-05:00  INFO 11040 --- [JPA-Demo] [restartedMain] j.LocalContainerEntityManagerFactoryBean : Closing JPA EntityManagerFactory for persistence unit 'default'
2025-12-18T17:09:46.201-05:00  INFO 11040 --- [JPA-Demo] [restartedMain] com.zaxxer.hikari.HikariDataSource       : HikariPool-3 - Shutdown initiated...
2025-12-18T17:09:46.258-05:00  INFO 11040 --- [JPA-Demo] [restartedMain] com.zaxxer.hikari.HikariDataSource       : HikariPool-3 - Shutdown completed.
2025-12-18T17:09:46.259-05:00  INFO 11040 --- [JPA-Demo] [restartedMain] o.apache.catalina.core.StandardService   : Stopping service [Tomcat]
2025-12-18T17:09:46.268-05:00  INFO 11040 --- [JPA-Demo] [restartedMain] .s.b.a.l.ConditionEvaluationReportLogger : 

Error starting ApplicationContext. To display the condition evaluation report re-run your application with 'debug' enabled.
2025-12-18T17:09:46.282-05:00 ERROR 11040 --- [JPA-Demo] [restartedMain] o.s.boot.SpringApplication               : Application run failed

org.springframework.beans.factory.BeanCreationException: Error creating bean with name 'homeController': Resolution of declared constructors on bean Class [org.example.jpademo.controller.HomeController] from ClassLoader [org.springframework.boot.devtools.restart.classloader.RestartClassLoader@70e7e27] failed
	at org.springframework.beans.factory.annotation.AutowiredAnnotationBeanPostProcessor.determineCandidateConstructors(AutowiredAnnotationBeanPostProcessor.java:384) ~[spring-beans-6.2.11.jar:6.2.11]
	at org.springframework.beans.factory.support.AbstractAutowireCapableBeanFactory.determineConstructorsFromBeanPostProcessors(AbstractAutowireCapableBeanFactory.java:1334) ~[spring-beans-6.2.11.jar:6.2.11]
	at org.springframework.beans.factory.support.AbstractAutowireCapableBeanFactory.createBeanInstance(AbstractAutowireCapableBeanFactory.java:1229) ~[spring-beans-6.2.11.jar:6.2.11]
	at org.springframework.beans.factory.support.AbstractAutowireCapableBeanFactory.doCreateBean(AbstractAutowireCapableBeanFactory.java:569) ~[spring-beans-6.2.11.jar:6.2.11]
	at org.springframework.beans.factory.support.AbstractAutowireCapableBeanFactory.createBean(AbstractAutowireCapableBeanFactory.java:529) ~[spring-beans-6.2.11.jar:6.2.11]
	at org.springframework.beans.factory.support.AbstractBeanFactory.lambda$doGetBean$0(AbstractBeanFactory.java:339) ~[spring-beans-6.2.11.jar:6.2.11]
	at org.springframework.beans.factory.support.DefaultSingletonBeanRegistry.getSingleton(DefaultSingletonBeanRegistry.java:373) ~[spring-beans-6.2.11.jar:6.2.11]
	at org.springframework.beans.factory.support.AbstractBeanFactory.doGetBean(AbstractBeanFactory.java:337) ~[spring-beans-6.2.11.jar:6.2.11]
	at org.springframework.beans.factory.support.AbstractBeanFactory.getBean(AbstractBeanFactory.java:202) ~[spring-beans-6.2.11.jar:6.2.11]
	at org.springframework.beans.factory.support.DefaultListableBeanFactory.instantiateSingleton(DefaultListableBeanFactory.java:1221) ~[spring-beans-6.2.11.jar:6.2.11]
	at org.springframework.beans.factory.support.DefaultListableBeanFactory.preInstantiateSingleton(DefaultListableBeanFactory.java:1187) ~[spring-beans-6.2.11.jar:6.2.11]
	at org.springframework.beans.factory.support.DefaultListableBeanFactory.preInstantiateSingletons(DefaultListableBeanFactory.java:1123) ~[spring-beans-6.2.11.jar:6.2.11]
	at org.springframework.context.support.AbstractApplicationContext.finishBeanFactoryInitialization(AbstractApplicationContext.java:987) ~[spring-context-6.2.11.jar:6.2.11]
	at org.springframework.context.support.AbstractApplicationContext.refresh(AbstractApplicationContext.java:627) ~[spring-context-6.2.11.jar:6.2.11]
	at org.springframework.boot.web.servlet.context.ServletWebServerApplicationContext.refresh(ServletWebServerApplicationContext.java:146) ~[spring-boot-3.5.6.jar:3.5.6]
	at org.springframework.boot.SpringApplication.refresh(SpringApplication.java:752) ~[spring-boot-3.5.6.jar:3.5.6]
	at org.springframework.boot.SpringApplication.refreshContext(SpringApplication.java:439) ~[spring-boot-3.5.6.jar:3.5.6]
	at org.springframework.boot.SpringApplication.run(SpringApplication.java:318) ~[spring-boot-3.5.6.jar:3.5.6]
	at org.springframework.boot.SpringApplication.run(SpringApplication.java:1361) ~[spring-boot-3.5.6.jar:3.5.6]
	at org.springframework.boot.SpringApplication.run(SpringApplication.java:1350) ~[spring-boot-3.5.6.jar:3.5.6]
	at org.example.jpademo.JpaDemoApplication.main(JpaDemoApplication.java:10) ~[classes/:na]
	at java.base/jdk.internal.reflect.DirectMethodHandleAccessor.invoke(DirectMethodHandleAccessor.java:104) ~[na:na]
	at java.base/java.lang.reflect.Method.invoke(Method.java:565) ~[na:na]
	at org.springframework.boot.devtools.restart.RestartLauncher.run(RestartLauncher.java:50) ~[spring-boot-devtools-3.5.6.jar:3.5.6]
Caused by: java.lang.NoClassDefFoundError: org/example/jpademo/service/JDBCUserService
	at java.base/java.lang.Class.getDeclaredConstructors0(Native Method) ~[na:na]
	at java.base/java.lang.Class.privateGetDeclaredConstructors(Class.java:2985) ~[na:na]
	at java.base/java.lang.Class.getDeclaredConstructors(Class.java:2354) ~[na:na]
	at org.springframework.beans.factory.annotation.AutowiredAnnotationBeanPostProcessor.determineCandidateConstructors(AutowiredAnnotationBeanPostProcessor.java:379) ~[spring-beans-6.2.11.jar:6.2.11]
	... 23 common frames omitted
Caused by: java.lang.ClassNotFoundException: org.example.jpademo.service.JDBCUserService
	at java.base/jdk.internal.loader.BuiltinClassLoader.loadClass(BuiltinClassLoader.java:580) ~[na:na]
	at java.base/java.lang.ClassLoader.loadClass(ClassLoader.java:490) ~[na:na]
	at java.base/java.lang.Class.forName0(Native Method) ~[na:na]
	at java.base/java.lang.Class.forName(Class.java:547) ~[na:na]
	at org.springframework.boot.devtools.restart.classloader.RestartClassLoader.loadClass(RestartClassLoader.java:121) ~[spring-boot-devtools-3.5.6.jar:3.5.6]
	at java.base/java.lang.ClassLoader.loadClass(ClassLoader.java:490) ~[na:na]
	... 27 common frames omitted

2025-12-18T17:12:06.755-05:00  INFO 11040 --- [JPA-Demo] [restartedMain] org.example.jpademo.JpaDemoApplication   : Starting JpaDemoApplication using Java 25 with PID 11040 (C:\Users\murta\Dropbox\PC\Downloads\College Course Books & Materials\Java\JPA-Demo\target\classes started by murta in C:\Users\murta\Dropbox\PC\Downloads\College Course Books & Materials\Java\JPA-Demo)
2025-12-18T17:12:06.757-05:00  INFO 11040 --- [JPA-Demo] [restartedMain] org.example.jpademo.JpaDemoApplication   : No active profile set, falling back to 1 default profile: "default"
2025-12-18T17:12:07.233-05:00  INFO 11040 --- [JPA-Demo] [restartedMain] .s.d.r.c.RepositoryConfigurationDelegate : Bootstrapping Spring Data JPA repositories in DEFAULT mode.
2025-12-18T17:12:07.261-05:00  INFO 11040 --- [JPA-Demo] [restartedMain] .s.d.r.c.RepositoryConfigurationDelegate : Finished Spring Data repository scanning in 24 ms. Found 2 JPA repository interfaces.
2025-12-18T17:12:07.502-05:00  INFO 11040 --- [JPA-Demo] [restartedMain] o.s.b.w.embedded.tomcat.TomcatWebServer  : Tomcat initialized with port 8080 (http)
2025-12-18T17:12:07.504-05:00  INFO 11040 --- [JPA-Demo] [restartedMain] o.apache.catalina.core.StandardService   : Starting service [Tomcat]
2025-12-18T17:12:07.504-05:00  INFO 11040 --- [JPA-Demo] [restartedMain] o.apache.catalina.core.StandardEngine    : Starting Servlet engine: [Apache Tomcat/10.1.46]
2025-12-18T17:12:07.578-05:00  INFO 11040 --- [JPA-Demo] [restartedMain] o.a.c.c.C.[Tomcat-2].[localhost].[/]     : Initializing Spring embedded WebApplicationContext
2025-12-18T17:12:07.578-05:00  INFO 11040 --- [JPA-Demo] [restartedMain] w.s.c.ServletWebServerApplicationContext : Root WebApplicationContext: initialization completed in 816 ms
2025-12-18T17:12:07.634-05:00  INFO 11040 --- [JPA-Demo] [restartedMain] com.zaxxer.hikari.HikariDataSource       : HikariPool-4 - Starting...
2025-12-18T17:12:07.662-05:00  INFO 11040 --- [JPA-Demo] [restartedMain] com.zaxxer.hikari.pool.HikariPool        : HikariPool-4 - Added connection com.mysql.cj.jdbc.ConnectionImpl@1eb45f40
2025-12-18T17:12:07.663-05:00  INFO 11040 --- [JPA-Demo] [restartedMain] com.zaxxer.hikari.HikariDataSource       : HikariPool-4 - Start completed.
2025-12-18T17:12:07.687-05:00  INFO 11040 --- [JPA-Demo] [restartedMain] o.hibernate.jpa.internal.util.LogHelper  : HHH000204: Processing PersistenceUnitInfo [name: default]
2025-12-18T17:12:07.693-05:00  INFO 11040 --- [JPA-Demo] [restartedMain] o.h.c.internal.RegionFactoryInitiator    : HHH000026: Second-level cache disabled
2025-12-18T17:12:07.707-05:00  INFO 11040 --- [JPA-Demo] [restartedMain] o.s.o.j.p.SpringPersistenceUnitInfo      : No LoadTimeWeaver setup: ignoring JPA class transformer
2025-12-18T17:12:07.711-05:00  INFO 11040 --- [JPA-Demo] [restartedMain] org.hibernate.orm.connections.pooling    : HHH10001005: Database info:
	Database JDBC URL [Connecting through datasource 'HikariDataSource (HikariPool-4)']
	Database driver: undefined/unknown
	Database version: 8.0.34
	Autocommit mode: undefined/unknown
	Isolation level: undefined/unknown
	Minimum pool size: undefined/unknown
	Maximum pool size: undefined/unknown
2025-12-18T17:12:07.818-05:00  INFO 11040 --- [JPA-Demo] [restartedMain] o.h.e.t.j.p.i.JtaPlatformInitiator       : HHH000489: No JTA platform available (set 'hibernate.transaction.jta.platform' to enable JTA platform integration)
2025-12-18T17:12:07.864-05:00  INFO 11040 --- [JPA-Demo] [restartedMain] j.LocalContainerEntityManagerFactoryBean : Initialized JPA EntityManagerFactory for persistence unit 'default'
2025-12-18T17:12:07.883-05:00  WARN 11040 --- [JPA-Demo] [restartedMain] ConfigServletWebServerApplicationContext : Exception encountered during context initialization - cancelling refresh attempt: org.springframework.beans.factory.BeanCreationException: Error creating bean with name 'homeController': Resolution of declared constructors on bean Class [org.example.jpademo.controller.HomeController] from ClassLoader [org.springframework.boot.devtools.restart.classloader.RestartClassLoader@36252487] failed
2025-12-18T17:12:07.885-05:00  INFO 11040 --- [JPA-Demo] [restartedMain] j.LocalContainerEntityManagerFactoryBean : Closing JPA EntityManagerFactory for persistence unit 'default'
2025-12-18T17:12:07.886-05:00  INFO 11040 --- [JPA-Demo] [restartedMain] com.zaxxer.hikari.HikariDataSource       : HikariPool-4 - Shutdown initiated...
2025-12-18T17:12:07.893-05:00  INFO 11040 --- [JPA-Demo] [restartedMain] com.zaxxer.hikari.HikariDataSource       : HikariPool-4 - Shutdown completed.
2025-12-18T17:12:07.894-05:00  INFO 11040 --- [JPA-Demo] [restartedMain] o.apache.catalina.core.StandardService   : Stopping service [Tomcat]
2025-12-18T17:12:07.907-05:00  INFO 11040 --- [JPA-Demo] [restartedMain] .s.b.a.l.ConditionEvaluationReportLogger : 

Error starting ApplicationContext. To display the condition evaluation report re-run your application with 'debug' enabled.
2025-12-18T17:12:07.913-05:00 ERROR 11040 --- [JPA-Demo] [restartedMain] o.s.boot.SpringApplication               : Application run failed

org.springframework.beans.factory.BeanCreationException: Error creating bean with name 'homeController': Resolution of declared constructors on bean Class [org.example.jpademo.controller.HomeController] from ClassLoader [org.springframework.boot.devtools.restart.classloader.RestartClassLoader@36252487] failed
	at org.springframework.beans.factory.annotation.AutowiredAnnotationBeanPostProcessor.determineCandidateConstructors(AutowiredAnnotationBeanPostProcessor.java:384) ~[spring-beans-6.2.11.jar:6.2.11]
	at org.springframework.beans.factory.support.AbstractAutowireCapableBeanFactory.determineConstructorsFromBeanPostProcessors(AbstractAutowireCapableBeanFactory.java:1334) ~[spring-beans-6.2.11.jar:6.2.11]
	at org.springframework.beans.factory.support.AbstractAutowireCapableBeanFactory.createBeanInstance(AbstractAutowireCapableBeanFactory.java:1229) ~[spring-beans-6.2.11.jar:6.2.11]
	at org.springframework.beans.factory.support.AbstractAutowireCapableBeanFactory.doCreateBean(AbstractAutowireCapableBeanFactory.java:569) ~[spring-beans-6.2.11.jar:6.2.11]
	at org.springframework.beans.factory.support.AbstractAutowireCapableBeanFactory.createBean(AbstractAutowireCapableBeanFactory.java:529) ~[spring-beans-6.2.11.jar:6.2.11]
	at org.springframework.beans.factory.support.AbstractBeanFactory.lambda$doGetBean$0(AbstractBeanFactory.java:339) ~[spring-beans-6.2.11.jar:6.2.11]
	at org.springframework.beans.factory.support.DefaultSingletonBeanRegistry.getSingleton(DefaultSingletonBeanRegistry.java:373) ~[spring-beans-6.2.11.jar:6.2.11]
	at org.springframework.beans.factory.support.AbstractBeanFactory.doGetBean(AbstractBeanFactory.java:337) ~[spring-beans-6.2.11.jar:6.2.11]
	at org.springframework.beans.factory.support.AbstractBeanFactory.getBean(AbstractBeanFactory.java:202) ~[spring-beans-6.2.11.jar:6.2.11]
	at org.springframework.beans.factory.support.DefaultListableBeanFactory.instantiateSingleton(DefaultListableBeanFactory.java:1221) ~[spring-beans-6.2.11.jar:6.2.11]
	at org.springframework.beans.factory.support.DefaultListableBeanFactory.preInstantiateSingleton(DefaultListableBeanFactory.java:1187) ~[spring-beans-6.2.11.jar:6.2.11]
	at org.springframework.beans.factory.support.DefaultListableBeanFactory.preInstantiateSingletons(DefaultListableBeanFactory.java:1123) ~[spring-beans-6.2.11.jar:6.2.11]
	at org.springframework.context.support.AbstractApplicationContext.finishBeanFactoryInitialization(AbstractApplicationContext.java:987) ~[spring-context-6.2.11.jar:6.2.11]
	at org.springframework.context.support.AbstractApplicationContext.refresh(AbstractApplicationContext.java:627) ~[spring-context-6.2.11.jar:6.2.11]
	at org.springframework.boot.web.servlet.context.ServletWebServerApplicationContext.refresh(ServletWebServerApplicationContext.java:146) ~[spring-boot-3.5.6.jar:3.5.6]
	at org.springframework.boot.SpringApplication.refresh(SpringApplication.java:752) ~[spring-boot-3.5.6.jar:3.5.6]
	at org.springframework.boot.SpringApplication.refreshContext(SpringApplication.java:439) ~[spring-boot-3.5.6.jar:3.5.6]
	at org.springframework.boot.SpringApplication.run(SpringApplication.java:318) ~[spring-boot-3.5.6.jar:3.5.6]
	at org.springframework.boot.SpringApplication.run(SpringApplication.java:1361) ~[spring-boot-3.5.6.jar:3.5.6]
	at org.springframework.boot.SpringApplication.run(SpringApplication.java:1350) ~[spring-boot-3.5.6.jar:3.5.6]
	at org.example.jpademo.JpaDemoApplication.main(JpaDemoApplication.java:10) ~[classes/:na]
	at java.base/jdk.internal.reflect.DirectMethodHandleAccessor.invoke(DirectMethodHandleAccessor.java:104) ~[na:na]
	at java.base/java.lang.reflect.Method.invoke(Method.java:565) ~[na:na]
	at org.springframework.boot.devtools.restart.RestartLauncher.run(RestartLauncher.java:50) ~[spring-boot-devtools-3.5.6.jar:3.5.6]
Caused by: java.lang.NoClassDefFoundError: org/example/jpademo/service/JDBCUserService
	at java.base/java.lang.Class.getDeclaredConstructors0(Native Method) ~[na:na]
	at java.base/java.lang.Class.privateGetDeclaredConstructors(Class.java:2985) ~[na:na]
	at java.base/java.lang.Class.getDeclaredConstructors(Class.java:2354) ~[na:na]
	at org.springframework.beans.factory.annotation.AutowiredAnnotationBeanPostProcessor.determineCandidateConstructors(AutowiredAnnotationBeanPostProcessor.java:379) ~[spring-beans-6.2.11.jar:6.2.11]
	... 23 common frames omitted
Caused by: java.lang.ClassNotFoundException: org.example.jpademo.service.JDBCUserService
	at java.base/jdk.internal.loader.BuiltinClassLoader.loadClass(BuiltinClassLoader.java:580) ~[na:na]
	at java.base/java.lang.ClassLoader.loadClass(ClassLoader.java:490) ~[na:na]
	at java.base/java.lang.Class.forName0(Native Method) ~[na:na]
	at java.base/java.lang.Class.forName(Class.java:547) ~[na:na]
	at org.springframework.boot.devtools.restart.classloader.RestartClassLoader.loadClass(RestartClassLoader.java:121) ~[spring-boot-devtools-3.5.6.jar:3.5.6]
	at java.base/java.lang.ClassLoader.loadClass(ClassLoader.java:490) ~[na:na]
	... 27 common frames omitted

2025-12-18T17:14:43.541-05:00  INFO 11040 --- [JPA-Demo] [restartedMain] org.example.jpademo.JpaDemoApplication   : Starting JpaDemoApplication using Java 25 with PID 11040 (C:\Users\murta\Dropbox\PC\Downloads\College Course Books & Materials\Java\JPA-Demo\target\classes started by murta in C:\Users\murta\Dropbox\PC\Downloads\College Course Books & Materials\Java\JPA-Demo)
2025-12-18T17:14:43.541-05:00  INFO 11040 --- [JPA-Demo] [restartedMain] org.example.jpademo.JpaDemoApplication   : No active profile set, falling back to 1 default profile: "default"
2025-12-18T17:14:44.015-05:00  INFO 11040 --- [JPA-Demo] [restartedMain] .s.d.r.c.RepositoryConfigurationDelegate : Bootstrapping Spring Data JPA repositories in DEFAULT mode.
2025-12-18T17:14:44.036-05:00  INFO 11040 --- [JPA-Demo] [restartedMain] .s.d.r.c.RepositoryConfigurationDelegate : Finished Spring Data repository scanning in 20 ms. Found 2 JPA repository interfaces.
2025-12-18T17:14:44.214-05:00  INFO 11040 --- [JPA-Demo] [restartedMain] o.s.b.w.embedded.tomcat.TomcatWebServer  : Tomcat initialized with port 8080 (http)
2025-12-18T17:14:44.214-05:00  INFO 11040 --- [JPA-Demo] [restartedMain] o.apache.catalina.core.StandardService   : Starting service [Tomcat]
2025-12-18T17:14:44.214-05:00  INFO 11040 --- [JPA-Demo] [restartedMain] o.apache.catalina.core.StandardEngine    : Starting Servlet engine: [Apache Tomcat/10.1.46]
2025-12-18T17:14:44.260-05:00  INFO 11040 --- [JPA-Demo] [restartedMain] o.a.c.c.C.[Tomcat-3].[localhost].[/]     : Initializing Spring embedded WebApplicationContext
2025-12-18T17:14:44.261-05:00  INFO 11040 --- [JPA-Demo] [restartedMain] w.s.c.ServletWebServerApplicationContext : Root WebApplicationContext: initialization completed in 716 ms
2025-12-18T17:14:44.308-05:00  INFO 11040 --- [JPA-Demo] [restartedMain] com.zaxxer.hikari.HikariDataSource       : HikariPool-5 - Starting...
2025-12-18T17:14:44.336-05:00  INFO 11040 --- [JPA-Demo] [restartedMain] com.zaxxer.hikari.pool.HikariPool        : HikariPool-5 - Added connection com.mysql.cj.jdbc.ConnectionImpl@390324d2
2025-12-18T17:14:44.337-05:00  INFO 11040 --- [JPA-Demo] [restartedMain] com.zaxxer.hikari.HikariDataSource       : HikariPool-5 - Start completed.
2025-12-18T17:14:44.364-05:00  INFO 11040 --- [JPA-Demo] [restartedMain] o.hibernate.jpa.internal.util.LogHelper  : HHH000204: Processing PersistenceUnitInfo [name: default]
2025-12-18T17:14:44.369-05:00  INFO 11040 --- [JPA-Demo] [restartedMain] o.h.c.internal.RegionFactoryInitiator    : HHH000026: Second-level cache disabled
2025-12-18T17:14:44.383-05:00  INFO 11040 --- [JPA-Demo] [restartedMain] o.s.o.j.p.SpringPersistenceUnitInfo      : No LoadTimeWeaver setup: ignoring JPA class transformer
2025-12-18T17:14:44.386-05:00  INFO 11040 --- [JPA-Demo] [restartedMain] org.hibernate.orm.connections.pooling    : HHH10001005: Database info:
	Database JDBC URL [Connecting through datasource 'HikariDataSource (HikariPool-5)']
	Database driver: undefined/unknown
	Database version: 8.0.34
	Autocommit mode: undefined/unknown
	Isolation level: undefined/unknown
	Minimum pool size: undefined/unknown
	Maximum pool size: undefined/unknown
2025-12-18T17:14:44.479-05:00  INFO 11040 --- [JPA-Demo] [restartedMain] o.h.e.t.j.p.i.JtaPlatformInitiator       : HHH000489: No JTA platform available (set 'hibernate.transaction.jta.platform' to enable JTA platform integration)
2025-12-18T17:14:44.518-05:00  INFO 11040 --- [JPA-Demo] [restartedMain] j.LocalContainerEntityManagerFactoryBean : Initialized JPA EntityManagerFactory for persistence unit 'default'
2025-12-18T17:14:44.529-05:00  WARN 11040 --- [JPA-Demo] [restartedMain] ConfigServletWebServerApplicationContext : Exception encountered during context initialization - cancelling refresh attempt: org.springframework.beans.factory.BeanCreationException: Error creating bean with name 'homeController': Resolution of declared constructors on bean Class [org.example.jpademo.controller.HomeController] from ClassLoader [org.springframework.boot.devtools.restart.classloader.RestartClassLoader@7f2db299] failed
2025-12-18T17:14:44.529-05:00  INFO 11040 --- [JPA-Demo] [restartedMain] j.LocalContainerEntityManagerFactoryBean : Closing JPA EntityManagerFactory for persistence unit 'default'
2025-12-18T17:14:44.529-05:00  INFO 11040 --- [JPA-Demo] [restartedMain] com.zaxxer.hikari.HikariDataSource       : HikariPool-5 - Shutdown initiated...
2025-12-18T17:14:44.544-05:00  INFO 11040 --- [JPA-Demo] [restartedMain] com.zaxxer.hikari.HikariDataSource       : HikariPool-5 - Shutdown completed.
2025-12-18T17:14:44.545-05:00  INFO 11040 --- [JPA-Demo] [restartedMain] o.apache.catalina.core.StandardService   : Stopping service [Tomcat]
2025-12-18T17:14:44.553-05:00  INFO 11040 --- [JPA-Demo] [restartedMain] .s.b.a.l.ConditionEvaluationReportLogger : 

Error starting ApplicationContext. To display the condition evaluation report re-run your application with 'debug' enabled.
2025-12-18T17:14:44.560-05:00 ERROR 11040 --- [JPA-Demo] [restartedMain] o.s.boot.SpringApplication               : Application run failed

org.springframework.beans.factory.BeanCreationException: Error creating bean with name 'homeController': Resolution of declared constructors on bean Class [org.example.jpademo.controller.HomeController] from ClassLoader [org.springframework.boot.devtools.restart.classloader.RestartClassLoader@7f2db299] failed
	at org.springframework.beans.factory.annotation.AutowiredAnnotationBeanPostProcessor.determineCandidateConstructors(AutowiredAnnotationBeanPostProcessor.java:384) ~[spring-beans-6.2.11.jar:6.2.11]
	at org.springframework.beans.factory.support.AbstractAutowireCapableBeanFactory.determineConstructorsFromBeanPostProcessors(AbstractAutowireCapableBeanFactory.java:1334) ~[spring-beans-6.2.11.jar:6.2.11]
	at org.springframework.beans.factory.support.AbstractAutowireCapableBeanFactory.createBeanInstance(AbstractAutowireCapableBeanFactory.java:1229) ~[spring-beans-6.2.11.jar:6.2.11]
	at org.springframework.beans.factory.support.AbstractAutowireCapableBeanFactory.doCreateBean(AbstractAutowireCapableBeanFactory.java:569) ~[spring-beans-6.2.11.jar:6.2.11]
	at org.springframework.beans.factory.support.AbstractAutowireCapableBeanFactory.createBean(AbstractAutowireCapableBeanFactory.java:529) ~[spring-beans-6.2.11.jar:6.2.11]
	at org.springframework.beans.factory.support.AbstractBeanFactory.lambda$doGetBean$0(AbstractBeanFactory.java:339) ~[spring-beans-6.2.11.jar:6.2.11]
	at org.springframework.beans.factory.support.DefaultSingletonBeanRegistry.getSingleton(DefaultSingletonBeanRegistry.java:373) ~[spring-beans-6.2.11.jar:6.2.11]
	at org.springframework.beans.factory.support.AbstractBeanFactory.doGetBean(AbstractBeanFactory.java:337) ~[spring-beans-6.2.11.jar:6.2.11]
	at org.springframework.beans.factory.support.AbstractBeanFactory.getBean(AbstractBeanFactory.java:202) ~[spring-beans-6.2.11.jar:6.2.11]
	at org.springframework.beans.factory.support.DefaultListableBeanFactory.instantiateSingleton(DefaultListableBeanFactory.java:1221) ~[spring-beans-6.2.11.jar:6.2.11]
	at org.springframework.beans.factory.support.DefaultListableBeanFactory.preInstantiateSingleton(DefaultListableBeanFactory.java:1187) ~[spring-beans-6.2.11.jar:6.2.11]
	at org.springframework.beans.factory.support.DefaultListableBeanFactory.preInstantiateSingletons(DefaultListableBeanFactory.java:1123) ~[spring-beans-6.2.11.jar:6.2.11]
	at org.springframework.context.support.AbstractApplicationContext.finishBeanFactoryInitialization(AbstractApplicationContext.java:987) ~[spring-context-6.2.11.jar:6.2.11]
	at org.springframework.context.support.AbstractApplicationContext.refresh(AbstractApplicationContext.java:627) ~[spring-context-6.2.11.jar:6.2.11]
	at org.springframework.boot.web.servlet.context.ServletWebServerApplicationContext.refresh(ServletWebServerApplicationContext.java:146) ~[spring-boot-3.5.6.jar:3.5.6]
	at org.springframework.boot.SpringApplication.refresh(SpringApplication.java:752) ~[spring-boot-3.5.6.jar:3.5.6]
	at org.springframework.boot.SpringApplication.refreshContext(SpringApplication.java:439) ~[spring-boot-3.5.6.jar:3.5.6]
	at org.springframework.boot.SpringApplication.run(SpringApplication.java:318) ~[spring-boot-3.5.6.jar:3.5.6]
	at org.springframework.boot.SpringApplication.run(SpringApplication.java:1361) ~[spring-boot-3.5.6.jar:3.5.6]
	at org.springframework.boot.SpringApplication.run(SpringApplication.java:1350) ~[spring-boot-3.5.6.jar:3.5.6]
	at org.example.jpademo.JpaDemoApplication.main(JpaDemoApplication.java:10) ~[classes/:na]
	at java.base/jdk.internal.reflect.DirectMethodHandleAccessor.invoke(DirectMethodHandleAccessor.java:104) ~[na:na]
	at java.base/java.lang.reflect.Method.invoke(Method.java:565) ~[na:na]
	at org.springframework.boot.devtools.restart.RestartLauncher.run(RestartLauncher.java:50) ~[spring-boot-devtools-3.5.6.jar:3.5.6]
Caused by: java.lang.NoClassDefFoundError: org/example/jpademo/service/JDBCUserService
	at java.base/java.lang.Class.getDeclaredConstructors0(Native Method) ~[na:na]
	at java.base/java.lang.Class.privateGetDeclaredConstructors(Class.java:2985) ~[na:na]
	at java.base/java.lang.Class.getDeclaredConstructors(Class.java:2354) ~[na:na]
	at org.springframework.beans.factory.annotation.AutowiredAnnotationBeanPostProcessor.determineCandidateConstructors(AutowiredAnnotationBeanPostProcessor.java:379) ~[spring-beans-6.2.11.jar:6.2.11]
	... 23 common frames omitted
Caused by: java.lang.ClassNotFoundException: org.example.jpademo.service.JDBCUserService
	at java.base/jdk.internal.loader.BuiltinClassLoader.loadClass(BuiltinClassLoader.java:580) ~[na:na]
	at java.base/java.lang.ClassLoader.loadClass(ClassLoader.java:490) ~[na:na]
	at java.base/java.lang.Class.forName0(Native Method) ~[na:na]
	at java.base/java.lang.Class.forName(Class.java:547) ~[na:na]
	at org.springframework.boot.devtools.restart.classloader.RestartClassLoader.loadClass(RestartClassLoader.java:121) ~[spring-boot-devtools-3.5.6.jar:3.5.6]
	at java.base/java.lang.ClassLoader.loadClass(ClassLoader.java:490) ~[na:na]
	... 27 common frames omitted

2025-12-18T17:16:52.095-05:00  INFO 11040 --- [JPA-Demo] [restartedMain] org.example.jpademo.JpaDemoApplication   : Starting JpaDemoApplication using Java 25 with PID 11040 (C:\Users\murta\Dropbox\PC\Downloads\College Course Books & Materials\Java\JPA-Demo\target\classes started by murta in C:\Users\murta\Dropbox\PC\Downloads\College Course Books & Materials\Java\JPA-Demo)
2025-12-18T17:16:52.095-05:00  INFO 11040 --- [JPA-Demo] [restartedMain] org.example.jpademo.JpaDemoApplication   : No active profile set, falling back to 1 default profile: "default"
2025-12-18T17:16:52.430-05:00  INFO 11040 --- [JPA-Demo] [restartedMain] .s.d.r.c.RepositoryConfigurationDelegate : Bootstrapping Spring Data JPA repositories in DEFAULT mode.
2025-12-18T17:16:52.447-05:00  INFO 11040 --- [JPA-Demo] [restartedMain] .s.d.r.c.RepositoryConfigurationDelegate : Finished Spring Data repository scanning in 15 ms. Found 2 JPA repository interfaces.
2025-12-18T17:16:52.558-05:00  INFO 11040 --- [JPA-Demo] [restartedMain] o.s.b.w.embedded.tomcat.TomcatWebServer  : Tomcat initialized with port 8080 (http)
2025-12-18T17:16:52.559-05:00  INFO 11040 --- [JPA-Demo] [restartedMain] o.apache.catalina.core.StandardService   : Starting service [Tomcat]
2025-12-18T17:16:52.559-05:00  INFO 11040 --- [JPA-Demo] [restartedMain] o.apache.catalina.core.StandardEngine    : Starting Servlet engine: [Apache Tomcat/10.1.46]
2025-12-18T17:16:52.584-05:00  INFO 11040 --- [JPA-Demo] [restartedMain] o.a.c.c.C.[Tomcat-4].[localhost].[/]     : Initializing Spring embedded WebApplicationContext
2025-12-18T17:16:52.584-05:00  INFO 11040 --- [JPA-Demo] [restartedMain] w.s.c.ServletWebServerApplicationContext : Root WebApplicationContext: initialization completed in 488 ms
2025-12-18T17:16:52.617-05:00  INFO 11040 --- [JPA-Demo] [restartedMain] com.zaxxer.hikari.HikariDataSource       : HikariPool-6 - Starting...
2025-12-18T17:16:52.634-05:00  INFO 11040 --- [JPA-Demo] [restartedMain] com.zaxxer.hikari.pool.HikariPool        : HikariPool-6 - Added connection com.mysql.cj.jdbc.ConnectionImpl@6d57f6a2
2025-12-18T17:16:52.634-05:00  INFO 11040 --- [JPA-Demo] [restartedMain] com.zaxxer.hikari.HikariDataSource       : HikariPool-6 - Start completed.
2025-12-18T17:16:52.656-05:00  INFO 11040 --- [JPA-Demo] [restartedMain] o.hibernate.jpa.internal.util.LogHelper  : HHH000204: Processing PersistenceUnitInfo [name: default]
2025-12-18T17:16:52.661-05:00  INFO 11040 --- [JPA-Demo] [restartedMain] o.h.c.internal.RegionFactoryInitiator    : HHH000026: Second-level cache disabled
2025-12-18T17:16:52.675-05:00  INFO 11040 --- [JPA-Demo] [restartedMain] o.s.o.j.p.SpringPersistenceUnitInfo      : No LoadTimeWeaver setup: ignoring JPA class transformer
2025-12-18T17:16:52.679-05:00  INFO 11040 --- [JPA-Demo] [restartedMain] org.hibernate.orm.connections.pooling    : HHH10001005: Database info:
	Database JDBC URL [Connecting through datasource 'HikariDataSource (HikariPool-6)']
	Database driver: undefined/unknown
	Database version: 8.0.34
	Autocommit mode: undefined/unknown
	Isolation level: undefined/unknown
	Minimum pool size: undefined/unknown
	Maximum pool size: undefined/unknown
2025-12-18T17:16:52.746-05:00  INFO 11040 --- [JPA-Demo] [restartedMain] o.h.e.t.j.p.i.JtaPlatformInitiator       : HHH000489: No JTA platform available (set 'hibernate.transaction.jta.platform' to enable JTA platform integration)
2025-12-18T17:16:52.771-05:00  INFO 11040 --- [JPA-Demo] [restartedMain] j.LocalContainerEntityManagerFactoryBean : Initialized JPA EntityManagerFactory for persistence unit 'default'
2025-12-18T17:16:52.781-05:00  INFO 11040 --- [JPA-Demo] [restartedMain] o.s.s.p.JdbcUserDetailsManager           : No authentication manager set. Reauthentication of users when changing passwords will not be performed.
2025-12-18T17:16:52.919-05:00  WARN 11040 --- [JPA-Demo] [restartedMain] JpaBaseConfiguration$JpaWebConfiguration : spring.jpa.open-in-view is enabled by default. Therefore, database queries may be performed during view rendering. Explicitly configure spring.jpa.open-in-view to disable this warning
2025-12-18T17:16:53.020-05:00  INFO 11040 --- [JPA-Demo] [restartedMain] r$InitializeUserDetailsManagerConfigurer : Global AuthenticationManager configured with UserDetailsService bean with name jdbcUserDetailsManager
2025-12-18T17:16:53.117-05:00  INFO 11040 --- [JPA-Demo] [restartedMain] o.s.b.a.h2.H2ConsoleAutoConfiguration    : H2 console available at '/h2-console'. Database available at 'jdbc:mysql://localhost:3306/pokemon'
2025-12-18T17:16:53.129-05:00  INFO 11040 --- [JPA-Demo] [restartedMain] o.s.b.d.a.OptionalLiveReloadServer       : LiveReload server is running on port 35729
2025-12-18T17:16:53.148-05:00  INFO 11040 --- [JPA-Demo] [restartedMain] o.s.b.w.embedded.tomcat.TomcatWebServer  : Tomcat started on port 8080 (http) with context path '/'
2025-12-18T17:16:53.151-05:00  INFO 11040 --- [JPA-Demo] [restartedMain] org.example.jpademo.JpaDemoApplication   : Started JpaDemoApplication in 1.078 seconds (process running for 2131.285)
2025-12-18T17:16:53.154-05:00  INFO 11040 --- [JPA-Demo] [restartedMain] .ConditionEvaluationDeltaLoggingListener : Condition evaluation unchanged
2025-12-18T17:19:14.692-05:00  INFO 11040 --- [JPA-Demo] [File Watcher] rtingClassPathChangeChangedEventListener : Restarting due to 1 class path change (0 additions, 1 deletion, 0 modifications)
2025-12-18T17:19:14.694-05:00  INFO 11040 --- [JPA-Demo] [Thread-7] o.s.b.w.e.tomcat.GracefulShutdown        : Commencing graceful shutdown. Waiting for active requests to complete
2025-12-18T17:19:14.701-05:00  INFO 11040 --- [JPA-Demo] [tomcat-shutdown] o.s.b.w.e.tomcat.GracefulShutdown        : Graceful shutdown complete
2025-12-18T17:19:14.702-05:00  INFO 11040 --- [JPA-Demo] [Thread-7] j.LocalContainerEntityManagerFactoryBean : Closing JPA EntityManagerFactory for persistence unit 'default'
2025-12-18T17:19:14.703-05:00  INFO 11040 --- [JPA-Demo] [Thread-7] com.zaxxer.hikari.HikariDataSource       : HikariPool-6 - Shutdown initiated...
2025-12-18T17:19:14.710-05:00  INFO 11040 --- [JPA-Demo] [Thread-7] com.zaxxer.hikari.HikariDataSource       : HikariPool-6 - Shutdown completed.
2025-12-18T17:19:14.781-05:00  INFO 11040 --- [JPA-Demo] [restartedMain] org.example.jpademo.JpaDemoApplication   : Starting JpaDemoApplication using Java 25 with PID 11040 (C:\Users\murta\Dropbox\PC\Downloads\College Course Books & Materials\Java\JPA-Demo\target\classes started by murta in C:\Users\murta\Dropbox\PC\Downloads\College Course Books & Materials\Java\JPA-Demo)
2025-12-18T17:19:14.781-05:00  INFO 11040 --- [JPA-Demo] [restartedMain] org.example.jpademo.JpaDemoApplication   : No active profile set, falling back to 1 default profile: "default"
2025-12-18T17:19:15.002-05:00  INFO 11040 --- [JPA-Demo] [restartedMain] .s.d.r.c.RepositoryConfigurationDelegate : Bootstrapping Spring Data JPA repositories in DEFAULT mode.
2025-12-18T17:19:15.014-05:00  INFO 11040 --- [JPA-Demo] [restartedMain] .s.d.r.c.RepositoryConfigurationDelegate : Finished Spring Data repository scanning in 11 ms. Found 2 JPA repository interfaces.
2025-12-18T17:19:15.111-05:00  INFO 11040 --- [JPA-Demo] [restartedMain] o.s.b.w.embedded.tomcat.TomcatWebServer  : Tomcat initialized with port 8080 (http)
2025-12-18T17:19:15.112-05:00  INFO 11040 --- [JPA-Demo] [restartedMain] o.apache.catalina.core.StandardService   : Starting service [Tomcat]
2025-12-18T17:19:15.112-05:00  INFO 11040 --- [JPA-Demo] [restartedMain] o.apache.catalina.core.StandardEngine    : Starting Servlet engine: [Apache Tomcat/10.1.46]
2025-12-18T17:19:15.131-05:00  INFO 11040 --- [JPA-Demo] [restartedMain] o.a.c.c.C.[Tomcat-4].[localhost].[/]     : Initializing Spring embedded WebApplicationContext
2025-12-18T17:19:15.132-05:00  INFO 11040 --- [JPA-Demo] [restartedMain] w.s.c.ServletWebServerApplicationContext : Root WebApplicationContext: initialization completed in 348 ms
2025-12-18T17:19:15.154-05:00  INFO 11040 --- [JPA-Demo] [restartedMain] com.zaxxer.hikari.HikariDataSource       : HikariPool-7 - Starting...
2025-12-18T17:19:15.174-05:00  INFO 11040 --- [JPA-Demo] [restartedMain] com.zaxxer.hikari.pool.HikariPool        : HikariPool-7 - Added connection com.mysql.cj.jdbc.ConnectionImpl@5853c900
2025-12-18T17:19:15.174-05:00  INFO 11040 --- [JPA-Demo] [restartedMain] com.zaxxer.hikari.HikariDataSource       : HikariPool-7 - Start completed.
2025-12-18T17:19:15.202-05:00  INFO 11040 --- [JPA-Demo] [restartedMain] o.hibernate.jpa.internal.util.LogHelper  : HHH000204: Processing PersistenceUnitInfo [name: default]
2025-12-18T17:19:15.204-05:00  INFO 11040 --- [JPA-Demo] [restartedMain] o.h.c.internal.RegionFactoryInitiator    : HHH000026: Second-level cache disabled
2025-12-18T17:19:15.212-05:00  INFO 11040 --- [JPA-Demo] [restartedMain] o.s.o.j.p.SpringPersistenceUnitInfo      : No LoadTimeWeaver setup: ignoring JPA class transformer
2025-12-18T17:19:15.214-05:00  INFO 11040 --- [JPA-Demo] [restartedMain] org.hibernate.orm.connections.pooling    : HHH10001005: Database info:
	Database JDBC URL [Connecting through datasource 'HikariDataSource (HikariPool-7)']
	Database driver: undefined/unknown
	Database version: 8.0.34
	Autocommit mode: undefined/unknown
	Isolation level: undefined/unknown
	Minimum pool size: undefined/unknown
	Maximum pool size: undefined/unknown
2025-12-18T17:19:15.279-05:00  INFO 11040 --- [JPA-Demo] [restartedMain] o.h.e.t.j.p.i.JtaPlatformInitiator       : HHH000489: No JTA platform available (set 'hibernate.transaction.jta.platform' to enable JTA platform integration)
2025-12-18T17:19:15.306-05:00  INFO 11040 --- [JPA-Demo] [restartedMain] j.LocalContainerEntityManagerFactoryBean : Initialized JPA EntityManagerFactory for persistence unit 'default'
2025-12-18T17:19:15.325-05:00  WARN 11040 --- [JPA-Demo] [restartedMain] ConfigServletWebServerApplicationContext : Exception encountered during context initialization - cancelling refresh attempt: org.springframework.beans.factory.UnsatisfiedDependencyException: Error creating bean with name 'homeController' defined in file [C:\Users\murta\Dropbox\PC\Downloads\College Course Books & Materials\Java\JPA-Demo\target\classes\org\example\jpademo\controller\HomeController.class]: Unsatisfied dependency expressed through constructor parameter 0: No qualifying bean of type 'org.example.jpademo.service.JDBCUserService' available: expected at least 1 bean which qualifies as autowire candidate. Dependency annotations: {}
2025-12-18T17:19:15.325-05:00  INFO 11040 --- [JPA-Demo] [restartedMain] j.LocalContainerEntityManagerFactoryBean : Closing JPA EntityManagerFactory for persistence unit 'default'
2025-12-18T17:19:15.326-05:00  INFO 11040 --- [JPA-Demo] [restartedMain] com.zaxxer.hikari.HikariDataSource       : HikariPool-7 - Shutdown initiated...
2025-12-18T17:19:15.329-05:00  INFO 11040 --- [JPA-Demo] [restartedMain] com.zaxxer.hikari.HikariDataSource       : HikariPool-7 - Shutdown completed.
2025-12-18T17:19:15.329-05:00  INFO 11040 --- [JPA-Demo] [restartedMain] o.apache.catalina.core.StandardService   : Stopping service [Tomcat]
2025-12-18T17:19:15.338-05:00  INFO 11040 --- [JPA-Demo] [restartedMain] .s.b.a.l.ConditionEvaluationReportLogger : 

Error starting ApplicationContext. To display the condition evaluation report re-run your application with 'debug' enabled.
2025-12-18T17:19:15.345-05:00 ERROR 11040 --- [JPA-Demo] [restartedMain] o.s.b.d.LoggingFailureAnalysisReporter   : 

***************************
APPLICATION FAILED TO START
***************************

Description:

Parameter 0 of constructor in org.example.jpademo.controller.HomeController required a bean of type 'org.example.jpademo.service.JDBCUserService' that could not be found.


Action:

Consider defining a bean of type 'org.example.jpademo.service.JDBCUserService' in your configuration.

2025-12-18T17:19:16.787-05:00  INFO 11040 --- [JPA-Demo] [restartedMain] org.example.jpademo.JpaDemoApplication   : Starting JpaDemoApplication using Java 25 with PID 11040 (C:\Users\murta\Dropbox\PC\Downloads\College Course Books & Materials\Java\JPA-Demo\target\classes started by murta in C:\Users\murta\Dropbox\PC\Downloads\College Course Books & Materials\Java\JPA-Demo)
2025-12-18T17:19:16.787-05:00  INFO 11040 --- [JPA-Demo] [restartedMain] org.example.jpademo.JpaDemoApplication   : No active profile set, falling back to 1 default profile: "default"
2025-12-18T17:19:16.947-05:00  INFO 11040 --- [JPA-Demo] [restartedMain] .s.d.r.c.RepositoryConfigurationDelegate : Bootstrapping Spring Data JPA repositories in DEFAULT mode.
2025-12-18T17:19:16.957-05:00  INFO 11040 --- [JPA-Demo] [restartedMain] .s.d.r.c.RepositoryConfigurationDelegate : Finished Spring Data repository scanning in 8 ms. Found 2 JPA repository interfaces.
2025-12-18T17:19:17.049-05:00  INFO 11040 --- [JPA-Demo] [restartedMain] o.s.b.w.embedded.tomcat.TomcatWebServer  : Tomcat initialized with port 8080 (http)
2025-12-18T17:19:17.050-05:00  INFO 11040 --- [JPA-Demo] [restartedMain] o.apache.catalina.core.StandardService   : Starting service [Tomcat]
2025-12-18T17:19:17.050-05:00  INFO 11040 --- [JPA-Demo] [restartedMain] o.apache.catalina.core.StandardEngine    : Starting Servlet engine: [Apache Tomcat/10.1.46]
2025-12-18T17:19:17.071-05:00  INFO 11040 --- [JPA-Demo] [restartedMain] o.a.c.c.C.[Tomcat-5].[localhost].[/]     : Initializing Spring embedded WebApplicationContext
2025-12-18T17:19:17.072-05:00  INFO 11040 --- [JPA-Demo] [restartedMain] w.s.c.ServletWebServerApplicationContext : Root WebApplicationContext: initialization completed in 285 ms
2025-12-18T17:19:17.096-05:00  INFO 11040 --- [JPA-Demo] [restartedMain] com.zaxxer.hikari.HikariDataSource       : HikariPool-8 - Starting...
2025-12-18T17:19:17.111-05:00  INFO 11040 --- [JPA-Demo] [restartedMain] com.zaxxer.hikari.pool.HikariPool        : HikariPool-8 - Added connection com.mysql.cj.jdbc.ConnectionImpl@3ddebdc
2025-12-18T17:19:17.111-05:00  INFO 11040 --- [JPA-Demo] [restartedMain] com.zaxxer.hikari.HikariDataSource       : HikariPool-8 - Start completed.
2025-12-18T17:19:17.121-05:00  INFO 11040 --- [JPA-Demo] [restartedMain] o.hibernate.jpa.internal.util.LogHelper  : HHH000204: Processing PersistenceUnitInfo [name: default]
2025-12-18T17:19:17.123-05:00  INFO 11040 --- [JPA-Demo] [restartedMain] o.h.c.internal.RegionFactoryInitiator    : HHH000026: Second-level cache disabled
2025-12-18T17:19:17.128-05:00  INFO 11040 --- [JPA-Demo] [restartedMain] o.s.o.j.p.SpringPersistenceUnitInfo      : No LoadTimeWeaver setup: ignoring JPA class transformer
2025-12-18T17:19:17.130-05:00  INFO 11040 --- [JPA-Demo] [restartedMain] org.hibernate.orm.connections.pooling    : HHH10001005: Database info:
	Database JDBC URL [Connecting through datasource 'HikariDataSource (HikariPool-8)']
	Database driver: undefined/unknown
	Database version: 8.0.34
	Autocommit mode: undefined/unknown
	Isolation level: undefined/unknown
	Minimum pool size: undefined/unknown
	Maximum pool size: undefined/unknown
2025-12-18T17:19:17.172-05:00  INFO 11040 --- [JPA-Demo] [restartedMain] o.h.e.t.j.p.i.JtaPlatformInitiator       : HHH000489: No JTA platform available (set 'hibernate.transaction.jta.platform' to enable JTA platform integration)
2025-12-18T17:19:17.198-05:00  INFO 11040 --- [JPA-Demo] [restartedMain] j.LocalContainerEntityManagerFactoryBean : Initialized JPA EntityManagerFactory for persistence unit 'default'
2025-12-18T17:19:17.207-05:00  INFO 11040 --- [JPA-Demo] [restartedMain] o.s.s.p.JdbcUserDetailsManager           : No authentication manager set. Reauthentication of users when changing passwords will not be performed.
2025-12-18T17:19:17.300-05:00  WARN 11040 --- [JPA-Demo] [restartedMain] JpaBaseConfiguration$JpaWebConfiguration : spring.jpa.open-in-view is enabled by default. Therefore, database queries may be performed during view rendering. Explicitly configure spring.jpa.open-in-view to disable this warning
2025-12-18T17:19:17.379-05:00  INFO 11040 --- [JPA-Demo] [restartedMain] r$InitializeUserDetailsManagerConfigurer : Global AuthenticationManager configured with UserDetailsService bean with name jdbcUserDetailsManager
2025-12-18T17:19:17.475-05:00  INFO 11040 --- [JPA-Demo] [restartedMain] o.s.b.a.h2.H2ConsoleAutoConfiguration    : H2 console available at '/h2-console'. Database available at 'jdbc:mysql://localhost:3306/pokemon'
2025-12-18T17:19:17.491-05:00  INFO 11040 --- [JPA-Demo] [restartedMain] o.s.b.d.a.OptionalLiveReloadServer       : LiveReload server is running on port 35729
2025-12-18T17:19:17.500-05:00  INFO 11040 --- [JPA-Demo] [restartedMain] o.s.b.w.embedded.tomcat.TomcatWebServer  : Tomcat started on port 8080 (http) with context path '/'
2025-12-18T17:19:17.504-05:00  INFO 11040 --- [JPA-Demo] [restartedMain] org.example.jpademo.JpaDemoApplication   : Started JpaDemoApplication in 0.737 seconds (process running for 2275.638)
2025-12-18T17:19:17.506-05:00  INFO 11040 --- [JPA-Demo] [restartedMain] .ConditionEvaluationDeltaLoggingListener : Condition evaluation unchanged
2025-12-18T17:22:26.231-05:00  INFO 11040 --- [JPA-Demo] [File Watcher] rtingClassPathChangeChangedEventListener : Restarting due to 1 class path change (0 additions, 1 deletion, 0 modifications)
2025-12-18T17:22:26.233-05:00  INFO 11040 --- [JPA-Demo] [Thread-23] o.s.b.w.e.tomcat.GracefulShutdown        : Commencing graceful shutdown. Waiting for active requests to complete
2025-12-18T17:22:26.244-05:00  INFO 11040 --- [JPA-Demo] [tomcat-shutdown] o.s.b.w.e.tomcat.GracefulShutdown        : Graceful shutdown complete
2025-12-18T17:22:26.248-05:00  INFO 11040 --- [JPA-Demo] [Thread-23] j.LocalContainerEntityManagerFactoryBean : Closing JPA EntityManagerFactory for persistence unit 'default'
2025-12-18T17:22:26.250-05:00  INFO 11040 --- [JPA-Demo] [Thread-23] com.zaxxer.hikari.HikariDataSource       : HikariPool-8 - Shutdown initiated...
2025-12-18T17:22:26.275-05:00  INFO 11040 --- [JPA-Demo] [Thread-23] com.zaxxer.hikari.HikariDataSource       : HikariPool-8 - Shutdown completed.
2025-12-18T17:22:26.405-05:00  INFO 11040 --- [JPA-Demo] [restartedMain] org.example.jpademo.JpaDemoApplication   : Starting JpaDemoApplication using Java 25 with PID 11040 (C:\Users\murta\Dropbox\PC\Downloads\College Course Books & Materials\Java\JPA-Demo\target\classes started by murta in C:\Users\murta\Dropbox\PC\Downloads\College Course Books & Materials\Java\JPA-Demo)
2025-12-18T17:22:26.405-05:00  INFO 11040 --- [JPA-Demo] [restartedMain] org.example.jpademo.JpaDemoApplication   : No active profile set, falling back to 1 default profile: "default"
2025-12-18T17:22:26.942-05:00  INFO 11040 --- [JPA-Demo] [restartedMain] .s.d.r.c.RepositoryConfigurationDelegate : Bootstrapping Spring Data JPA repositories in DEFAULT mode.
2025-12-18T17:22:26.966-05:00  INFO 11040 --- [JPA-Demo] [restartedMain] .s.d.r.c.RepositoryConfigurationDelegate : Finished Spring Data repository scanning in 22 ms. Found 2 JPA repository interfaces.
2025-12-18T17:22:27.202-05:00  INFO 11040 --- [JPA-Demo] [restartedMain] o.s.b.w.embedded.tomcat.TomcatWebServer  : Tomcat initialized with port 8080 (http)
2025-12-18T17:22:27.204-05:00  INFO 11040 --- [JPA-Demo] [restartedMain] o.apache.catalina.core.StandardService   : Starting service [Tomcat]
2025-12-18T17:22:27.204-05:00  INFO 11040 --- [JPA-Demo] [restartedMain] o.apache.catalina.core.StandardEngine    : Starting Servlet engine: [Apache Tomcat/10.1.46]
2025-12-18T17:22:27.249-05:00  INFO 11040 --- [JPA-Demo] [restartedMain] o.a.c.c.C.[Tomcat-5].[localhost].[/]     : Initializing Spring embedded WebApplicationContext
2025-12-18T17:22:27.250-05:00  INFO 11040 --- [JPA-Demo] [restartedMain] w.s.c.ServletWebServerApplicationContext : Root WebApplicationContext: initialization completed in 840 ms
2025-12-18T17:22:27.311-05:00  INFO 11040 --- [JPA-Demo] [restartedMain] com.zaxxer.hikari.HikariDataSource       : HikariPool-9 - Starting...
2025-12-18T17:22:27.344-05:00  INFO 11040 --- [JPA-Demo] [restartedMain] com.zaxxer.hikari.pool.HikariPool        : HikariPool-9 - Added connection com.mysql.cj.jdbc.ConnectionImpl@2dde99c9
2025-12-18T17:22:27.344-05:00  INFO 11040 --- [JPA-Demo] [restartedMain] com.zaxxer.hikari.HikariDataSource       : HikariPool-9 - Start completed.
2025-12-18T17:22:27.380-05:00  INFO 11040 --- [JPA-Demo] [restartedMain] o.hibernate.jpa.internal.util.LogHelper  : HHH000204: Processing PersistenceUnitInfo [name: default]
2025-12-18T17:22:27.384-05:00  INFO 11040 --- [JPA-Demo] [restartedMain] o.h.c.internal.RegionFactoryInitiator    : HHH000026: Second-level cache disabled
2025-12-18T17:22:27.397-05:00  INFO 11040 --- [JPA-Demo] [restartedMain] o.s.o.j.p.SpringPersistenceUnitInfo      : No LoadTimeWeaver setup: ignoring JPA class transformer
2025-12-18T17:22:27.402-05:00  INFO 11040 --- [JPA-Demo] [restartedMain] org.hibernate.orm.connections.pooling    : HHH10001005: Database info:
	Database JDBC URL [Connecting through datasource 'HikariDataSource (HikariPool-9)']
	Database driver: undefined/unknown
	Database version: 8.0.34
	Autocommit mode: undefined/unknown
	Isolation level: undefined/unknown
	Minimum pool size: undefined/unknown
	Maximum pool size: undefined/unknown
2025-12-18T17:22:27.500-05:00  INFO 11040 --- [JPA-Demo] [restartedMain] o.h.e.t.j.p.i.JtaPlatformInitiator       : HHH000489: No JTA platform available (set 'hibernate.transaction.jta.platform' to enable JTA platform integration)
2025-12-18T17:22:27.533-05:00  INFO 11040 --- [JPA-Demo] [restartedMain] j.LocalContainerEntityManagerFactoryBean : Initialized JPA EntityManagerFactory for persistence unit 'default'
2025-12-18T17:22:27.550-05:00  WARN 11040 --- [JPA-Demo] [restartedMain] ConfigServletWebServerApplicationContext : Exception encountered during context initialization - cancelling refresh attempt: org.springframework.beans.factory.BeanCreationException: Error creating bean with name 'homeController': Resolution of declared constructors on bean Class [org.example.jpademo.controller.HomeController] from ClassLoader [org.springframework.boot.devtools.restart.classloader.RestartClassLoader@6200bc9c] failed
2025-12-18T17:22:27.551-05:00  INFO 11040 --- [JPA-Demo] [restartedMain] j.LocalContainerEntityManagerFactoryBean : Closing JPA EntityManagerFactory for persistence unit 'default'
2025-12-18T17:22:27.552-05:00  INFO 11040 --- [JPA-Demo] [restartedMain] com.zaxxer.hikari.HikariDataSource       : HikariPool-9 - Shutdown initiated...
2025-12-18T17:22:27.564-05:00  INFO 11040 --- [JPA-Demo] [restartedMain] com.zaxxer.hikari.HikariDataSource       : HikariPool-9 - Shutdown completed.
2025-12-18T17:22:27.565-05:00  INFO 11040 --- [JPA-Demo] [restartedMain] o.apache.catalina.core.StandardService   : Stopping service [Tomcat]
2025-12-18T17:22:27.571-05:00  INFO 11040 --- [JPA-Demo] [restartedMain] .s.b.a.l.ConditionEvaluationReportLogger : 

Error starting ApplicationContext. To display the condition evaluation report re-run your application with 'debug' enabled.
2025-12-18T17:22:27.576-05:00 ERROR 11040 --- [JPA-Demo] [restartedMain] o.s.boot.SpringApplication               : Application run failed

org.springframework.beans.factory.BeanCreationException: Error creating bean with name 'homeController': Resolution of declared constructors on bean Class [org.example.jpademo.controller.HomeController] from ClassLoader [org.springframework.boot.devtools.restart.classloader.RestartClassLoader@6200bc9c] failed
	at org.springframework.beans.factory.annotation.AutowiredAnnotationBeanPostProcessor.determineCandidateConstructors(AutowiredAnnotationBeanPostProcessor.java:384) ~[spring-beans-6.2.11.jar:6.2.11]
	at org.springframework.beans.factory.support.AbstractAutowireCapableBeanFactory.determineConstructorsFromBeanPostProcessors(AbstractAutowireCapableBeanFactory.java:1334) ~[spring-beans-6.2.11.jar:6.2.11]
	at org.springframework.beans.factory.support.AbstractAutowireCapableBeanFactory.createBeanInstance(AbstractAutowireCapableBeanFactory.java:1229) ~[spring-beans-6.2.11.jar:6.2.11]
	at org.springframework.beans.factory.support.AbstractAutowireCapableBeanFactory.doCreateBean(AbstractAutowireCapableBeanFactory.java:569) ~[spring-beans-6.2.11.jar:6.2.11]
	at org.springframework.beans.factory.support.AbstractAutowireCapableBeanFactory.createBean(AbstractAutowireCapableBeanFactory.java:529) ~[spring-beans-6.2.11.jar:6.2.11]
	at org.springframework.beans.factory.support.AbstractBeanFactory.lambda$doGetBean$0(AbstractBeanFactory.java:339) ~[spring-beans-6.2.11.jar:6.2.11]
	at org.springframework.beans.factory.support.DefaultSingletonBeanRegistry.getSingleton(DefaultSingletonBeanRegistry.java:373) ~[spring-beans-6.2.11.jar:6.2.11]
	at org.springframework.beans.factory.support.AbstractBeanFactory.doGetBean(AbstractBeanFactory.java:337) ~[spring-beans-6.2.11.jar:6.2.11]
	at org.springframework.beans.factory.support.AbstractBeanFactory.getBean(AbstractBeanFactory.java:202) ~[spring-beans-6.2.11.jar:6.2.11]
	at org.springframework.beans.factory.support.DefaultListableBeanFactory.instantiateSingleton(DefaultListableBeanFactory.java:1221) ~[spring-beans-6.2.11.jar:6.2.11]
	at org.springframework.beans.factory.support.DefaultListableBeanFactory.preInstantiateSingleton(DefaultListableBeanFactory.java:1187) ~[spring-beans-6.2.11.jar:6.2.11]
	at org.springframework.beans.factory.support.DefaultListableBeanFactory.preInstantiateSingletons(DefaultListableBeanFactory.java:1123) ~[spring-beans-6.2.11.jar:6.2.11]
	at org.springframework.context.support.AbstractApplicationContext.finishBeanFactoryInitialization(AbstractApplicationContext.java:987) ~[spring-context-6.2.11.jar:6.2.11]
	at org.springframework.context.support.AbstractApplicationContext.refresh(AbstractApplicationContext.java:627) ~[spring-context-6.2.11.jar:6.2.11]
	at org.springframework.boot.web.servlet.context.ServletWebServerApplicationContext.refresh(ServletWebServerApplicationContext.java:146) ~[spring-boot-3.5.6.jar:3.5.6]
	at org.springframework.boot.SpringApplication.refresh(SpringApplication.java:752) ~[spring-boot-3.5.6.jar:3.5.6]
	at org.springframework.boot.SpringApplication.refreshContext(SpringApplication.java:439) ~[spring-boot-3.5.6.jar:3.5.6]
	at org.springframework.boot.SpringApplication.run(SpringApplication.java:318) ~[spring-boot-3.5.6.jar:3.5.6]
	at org.springframework.boot.SpringApplication.run(SpringApplication.java:1361) ~[spring-boot-3.5.6.jar:3.5.6]
	at org.springframework.boot.SpringApplication.run(SpringApplication.java:1350) ~[spring-boot-3.5.6.jar:3.5.6]
	at org.example.jpademo.JpaDemoApplication.main(JpaDemoApplication.java:10) ~[classes/:na]
	at java.base/jdk.internal.reflect.DirectMethodHandleAccessor.invoke(DirectMethodHandleAccessor.java:104) ~[na:na]
	at java.base/java.lang.reflect.Method.invoke(Method.java:565) ~[na:na]
	at org.springframework.boot.devtools.restart.RestartLauncher.run(RestartLauncher.java:50) ~[spring-boot-devtools-3.5.6.jar:3.5.6]
Caused by: java.lang.NoClassDefFoundError: org/example/jpademo/service/JDBCUserService
	at java.base/java.lang.Class.getDeclaredConstructors0(Native Method) ~[na:na]
	at java.base/java.lang.Class.privateGetDeclaredConstructors(Class.java:2985) ~[na:na]
	at java.base/java.lang.Class.getDeclaredConstructors(Class.java:2354) ~[na:na]
	at org.springframework.beans.factory.annotation.AutowiredAnnotationBeanPostProcessor.determineCandidateConstructors(AutowiredAnnotationBeanPostProcessor.java:379) ~[spring-beans-6.2.11.jar:6.2.11]
	... 23 common frames omitted
Caused by: java.lang.ClassNotFoundException: org.example.jpademo.service.JDBCUserService
	at java.base/jdk.internal.loader.BuiltinClassLoader.loadClass(BuiltinClassLoader.java:580) ~[na:na]
	at java.base/java.lang.ClassLoader.loadClass(ClassLoader.java:490) ~[na:na]
	at java.base/java.lang.Class.forName0(Native Method) ~[na:na]
	at java.base/java.lang.Class.forName(Class.java:547) ~[na:na]
	at org.springframework.boot.devtools.restart.classloader.RestartClassLoader.loadClass(RestartClassLoader.java:121) ~[spring-boot-devtools-3.5.6.jar:3.5.6]
	at java.base/java.lang.ClassLoader.loadClass(ClassLoader.java:490) ~[na:na]
	... 27 common frames omitted

2025-12-18T17:25:41.140-05:00  INFO 32512 --- [JPA-Demo] [restartedMain] org.example.jpademo.JpaDemoApplication   : Starting JpaDemoApplication using Java 25 with PID 32512 (C:\Users\murta\Dropbox\PC\Downloads\College Course Books & Materials\Java\JPA-Demo\target\classes started by murta in C:\Users\murta\Dropbox\PC\Downloads\College Course Books & Materials\Java\JPA-Demo)
2025-12-18T17:25:41.141-05:00  INFO 32512 --- [JPA-Demo] [restartedMain] org.example.jpademo.JpaDemoApplication   : No active profile set, falling back to 1 default profile: "default"
2025-12-18T17:25:41.190-05:00  INFO 32512 --- [JPA-Demo] [restartedMain] .e.DevToolsPropertyDefaultsPostProcessor : Devtools property defaults active! Set 'spring.devtools.add-properties' to 'false' to disable
2025-12-18T17:25:41.191-05:00  INFO 32512 --- [JPA-Demo] [restartedMain] .e.DevToolsPropertyDefaultsPostProcessor : For additional web related logging consider setting the 'logging.level.web' property to 'DEBUG'
2025-12-18T17:25:41.969-05:00  INFO 32512 --- [JPA-Demo] [restartedMain] .s.d.r.c.RepositoryConfigurationDelegate : Bootstrapping Spring Data JPA repositories in DEFAULT mode.
2025-12-18T17:25:42.021-05:00  INFO 32512 --- [JPA-Demo] [restartedMain] .s.d.r.c.RepositoryConfigurationDelegate : Finished Spring Data repository scanning in 43 ms. Found 2 JPA repository interfaces.
2025-12-18T17:25:42.580-05:00  INFO 32512 --- [JPA-Demo] [restartedMain] o.s.b.w.embedded.tomcat.TomcatWebServer  : Tomcat initialized with port 8080 (http)
2025-12-18T17:25:42.593-05:00  INFO 32512 --- [JPA-Demo] [restartedMain] o.apache.catalina.core.StandardService   : Starting service [Tomcat]
2025-12-18T17:25:42.593-05:00  INFO 32512 --- [JPA-Demo] [restartedMain] o.apache.catalina.core.StandardEngine    : Starting Servlet engine: [Apache Tomcat/10.1.46]
2025-12-18T17:25:42.639-05:00  INFO 32512 --- [JPA-Demo] [restartedMain] o.a.c.c.C.[Tomcat].[localhost].[/]       : Initializing Spring embedded WebApplicationContext
2025-12-18T17:25:42.639-05:00  INFO 32512 --- [JPA-Demo] [restartedMain] w.s.c.ServletWebServerApplicationContext : Root WebApplicationContext: initialization completed in 1448 ms
2025-12-18T17:25:42.726-05:00  INFO 32512 --- [JPA-Demo] [restartedMain] com.zaxxer.hikari.HikariDataSource       : HikariPool-1 - Starting...
2025-12-18T17:25:43.063-05:00  INFO 32512 --- [JPA-Demo] [restartedMain] com.zaxxer.hikari.pool.HikariPool        : HikariPool-1 - Added connection com.mysql.cj.jdbc.ConnectionImpl@63a7d497
2025-12-18T17:25:43.065-05:00  INFO 32512 --- [JPA-Demo] [restartedMain] com.zaxxer.hikari.HikariDataSource       : HikariPool-1 - Start completed.
2025-12-18T17:25:43.141-05:00  INFO 32512 --- [JPA-Demo] [restartedMain] o.hibernate.jpa.internal.util.LogHelper  : HHH000204: Processing PersistenceUnitInfo [name: default]
2025-12-18T17:25:43.190-05:00  INFO 32512 --- [JPA-Demo] [restartedMain] org.hibernate.Version                    : HHH000412: Hibernate ORM core version 6.6.29.Final
2025-12-18T17:25:43.220-05:00  INFO 32512 --- [JPA-Demo] [restartedMain] o.h.c.internal.RegionFactoryInitiator    : HHH000026: Second-level cache disabled
2025-12-18T17:25:43.494-05:00  INFO 32512 --- [JPA-Demo] [restartedMain] o.s.o.j.p.SpringPersistenceUnitInfo      : No LoadTimeWeaver setup: ignoring JPA class transformer
2025-12-18T17:25:43.589-05:00  INFO 32512 --- [JPA-Demo] [restartedMain] org.hibernate.orm.connections.pooling    : HHH10001005: Database info:
	Database JDBC URL [Connecting through datasource 'HikariDataSource (HikariPool-1)']
	Database driver: undefined/unknown
	Database version: 8.0.34
	Autocommit mode: undefined/unknown
	Isolation level: undefined/unknown
	Minimum pool size: undefined/unknown
	Maximum pool size: undefined/unknown
2025-12-18T17:25:44.434-05:00  INFO 32512 --- [JPA-Demo] [restartedMain] o.h.e.t.j.p.i.JtaPlatformInitiator       : HHH000489: No JTA platform available (set 'hibernate.transaction.jta.platform' to enable JTA platform integration)
2025-12-18T17:25:44.502-05:00  INFO 32512 --- [JPA-Demo] [restartedMain] j.LocalContainerEntityManagerFactoryBean : Initialized JPA EntityManagerFactory for persistence unit 'default'
2025-12-18T17:25:44.527-05:00  INFO 32512 --- [JPA-Demo] [restartedMain] o.s.s.p.JdbcUserDetailsManager           : No authentication manager set. Reauthentication of users when changing passwords will not be performed.
2025-12-18T17:25:45.107-05:00  WARN 32512 --- [JPA-Demo] [restartedMain] JpaBaseConfiguration$JpaWebConfiguration : spring.jpa.open-in-view is enabled by default. Therefore, database queries may be performed during view rendering. Explicitly configure spring.jpa.open-in-view to disable this warning
2025-12-18T17:25:45.248-05:00  INFO 32512 --- [JPA-Demo] [restartedMain] r$InitializeUserDetailsManagerConfigurer : Global AuthenticationManager configured with UserDetailsService bean with name jdbcUserDetailsManager
2025-12-18T17:25:45.638-05:00  INFO 32512 --- [JPA-Demo] [restartedMain] o.s.b.a.h2.H2ConsoleAutoConfiguration    : H2 console available at '/h2-console'. Database available at 'jdbc:mysql://localhost:3306/pokemon'
2025-12-18T17:25:45.682-05:00  INFO 32512 --- [JPA-Demo] [restartedMain] o.s.b.d.a.OptionalLiveReloadServer       : LiveReload server is running on port 35729
2025-12-18T17:25:45.709-05:00  INFO 32512 --- [JPA-Demo] [restartedMain] o.s.b.w.embedded.tomcat.TomcatWebServer  : Tomcat started on port 8080 (http) with context path '/'
2025-12-18T17:25:45.718-05:00  INFO 32512 --- [JPA-Demo] [restartedMain] org.example.jpademo.JpaDemoApplication   : Started JpaDemoApplication in 4.998 seconds (process running for 5.596)
2025-12-18T17:26:55.656-05:00  INFO 32512 --- [JPA-Demo] [tomcat-handler-0] o.a.c.c.C.[Tomcat].[localhost].[/]       : Initializing Spring DispatcherServlet 'dispatcherServlet'
2025-12-18T17:26:55.657-05:00  INFO 32512 --- [JPA-Demo] [tomcat-handler-0] o.s.web.servlet.DispatcherServlet        : Initializing Servlet 'dispatcherServlet'
2025-12-18T17:26:55.659-05:00  INFO 32512 --- [JPA-Demo] [tomcat-handler-0] o.s.web.servlet.DispatcherServlet        : Completed initialization in 2 ms
2025-12-18T17:26:55.895-05:00 ERROR 32512 --- [JPA-Demo] [tomcat-handler-0] o.a.c.c.C.[.[.[/].[dispatcherServlet]    : Servlet.service() for servlet [dispatcherServlet] in context with path [] threw exception [Request processing failed: org.springframework.jdbc.BadSqlGrammarException: PreparedStatementCallback; bad SQL grammar [select username from users where username = ?]] with root cause

java.sql.SQLSyntaxErrorException: Table 'pokemon.users' doesn't exist
	at com.mysql.cj.jdbc.exceptions.SQLError.createSQLException(SQLError.java:112) ~[mysql-connector-j-9.4.0.jar:9.4.0]
	at com.mysql.cj.jdbc.exceptions.SQLExceptionsMapping.translateException(SQLExceptionsMapping.java:114) ~[mysql-connector-j-9.4.0.jar:9.4.0]
	at com.mysql.cj.jdbc.ClientPreparedStatement.executeInternal(ClientPreparedStatement.java:988) ~[mysql-connector-j-9.4.0.jar:9.4.0]
	at com.mysql.cj.jdbc.ClientPreparedStatement.executeQuery(ClientPreparedStatement.java:1056) ~[mysql-connector-j-9.4.0.jar:9.4.0]
	at com.zaxxer.hikari.pool.ProxyPreparedStatement.executeQuery(ProxyPreparedStatement.java:52) ~[HikariCP-6.3.3.jar:na]
	at com.zaxxer.hikari.pool.HikariProxyPreparedStatement.executeQuery(HikariProxyPreparedStatement.java) ~[HikariCP-6.3.3.jar:na]
	at org.springframework.jdbc.core.JdbcTemplate$1.doInPreparedStatement(JdbcTemplate.java:732) ~[spring-jdbc-6.2.11.jar:6.2.11]
	at org.springframework.jdbc.core.JdbcTemplate.execute(JdbcTemplate.java:658) ~[spring-jdbc-6.2.11.jar:6.2.11]
	at org.springframework.jdbc.core.JdbcTemplate.query(JdbcTemplate.java:723) ~[spring-jdbc-6.2.11.jar:6.2.11]
	at org.springframework.jdbc.core.JdbcTemplate.query(JdbcTemplate.java:754) ~[spring-jdbc-6.2.11.jar:6.2.11]
	at org.springframework.jdbc.core.JdbcTemplate.query(JdbcTemplate.java:767) ~[spring-jdbc-6.2.11.jar:6.2.11]
	at org.springframework.jdbc.core.JdbcTemplate.query(JdbcTemplate.java:820) ~[spring-jdbc-6.2.11.jar:6.2.11]
	at org.springframework.jdbc.core.JdbcTemplate.queryForList(JdbcTemplate.java:944) ~[spring-jdbc-6.2.11.jar:6.2.11]
	at org.springframework.security.provisioning.JdbcUserDetailsManager.userExists(JdbcUserDetailsManager.java:340) ~[spring-security-core-6.5.5.jar:6.5.5]
	at org.example.jpademo.service.JDBCUserService.userExists(JDBCUserService.java:19) ~[classes/:na]
	at org.example.jpademo.controller.HomeController.postSignupPage(HomeController.java:47) ~[classes/:na]
	at java.base/jdk.internal.reflect.DirectMethodHandleAccessor.invoke(DirectMethodHandleAccessor.java:104) ~[na:na]
	at java.base/java.lang.reflect.Method.invoke(Method.java:565) ~[na:na]
	at org.springframework.web.method.support.InvocableHandlerMethod.doInvoke(InvocableHandlerMethod.java:258) ~[spring-web-6.2.11.jar:6.2.11]
	at org.springframework.web.method.support.InvocableHandlerMethod.invokeForRequest(InvocableHandlerMethod.java:191) ~[spring-web-6.2.11.jar:6.2.11]
	at org.springframework.web.servlet.mvc.method.annotation.ServletInvocableHandlerMethod.invokeAndHandle(ServletInvocableHandlerMethod.java:118) ~[spring-webmvc-6.2.11.jar:6.2.11]
	at org.springframework.web.servlet.mvc.method.annotation.RequestMappingHandlerAdapter.invokeHandlerMethod(RequestMappingHandlerAdapter.java:991) ~[spring-webmvc-6.2.11.jar:6.2.11]
	at org.springframework.web.servlet.mvc.method.annotation.RequestMappingHandlerAdapter.handleInternal(RequestMappingHandlerAdapter.java:896) ~[spring-webmvc-6.2.11.jar:6.2.11]
	at org.springframework.web.servlet.mvc.method.AbstractHandlerMethodAdapter.handle(AbstractHandlerMethodAdapter.java:87) ~[spring-webmvc-6.2.11.jar:6.2.11]
	at org.springframework.web.servlet.DispatcherServlet.doDispatch(DispatcherServlet.java:1089) ~[spring-webmvc-6.2.11.jar:6.2.11]
	at org.springframework.web.servlet.DispatcherServlet.doService(DispatcherServlet.java:979) ~[spring-webmvc-6.2.11.jar:6.2.11]
	at org.springframework.web.servlet.FrameworkServlet.processRequest(FrameworkServlet.java:1014) ~[spring-webmvc-6.2.11.jar:6.2.11]
	at org.springframework.web.servlet.FrameworkServlet.doPost(FrameworkServlet.java:914) ~[spring-webmvc-6.2.11.jar:6.2.11]
	at jakarta.servlet.http.HttpServlet.service(HttpServlet.java:590) ~[tomcat-embed-core-10.1.46.jar:6.0]
	at org.springframework.web.servlet.FrameworkServlet.service(FrameworkServlet.java:885) ~[spring-webmvc-6.2.11.jar:6.2.11]
	at jakarta.servlet.http.HttpServlet.service(HttpServlet.java:658) ~[tomcat-embed-core-10.1.46.jar:6.0]
	at org.apache.catalina.core.ApplicationFilterChain.internalDoFilter(ApplicationFilterChain.java:195) ~[tomcat-embed-core-10.1.46.jar:10.1.46]
	at org.apache.catalina.core.ApplicationFilterChain.doFilter(ApplicationFilterChain.java:140) ~[tomcat-embed-core-10.1.46.jar:10.1.46]
	at org.apache.tomcat.websocket.server.WsFilter.doFilter(WsFilter.java:51) ~[tomcat-embed-websocket-10.1.46.jar:10.1.46]
	at org.apache.catalina.core.ApplicationFilterChain.internalDoFilter(ApplicationFilterChain.java:164) ~[tomcat-embed-core-10.1.46.jar:10.1.46]
	at org.apache.catalina.core.ApplicationFilterChain.doFilter(ApplicationFilterChain.java:140) ~[tomcat-embed-core-10.1.46.jar:10.1.46]
	at org.springframework.web.servlet.resource.ResourceUrlEncodingFilter.doFilter(ResourceUrlEncodingFilter.java:66) ~[spring-webmvc-6.2.11.jar:6.2.11]
	at org.apache.catalina.core.ApplicationFilterChain.internalDoFilter(ApplicationFilterChain.java:164) ~[tomcat-embed-core-10.1.46.jar:10.1.46]
	at org.apache.catalina.core.ApplicationFilterChain.doFilter(ApplicationFilterChain.java:140) ~[tomcat-embed-core-10.1.46.jar:10.1.46]
	at org.springframework.web.filter.CompositeFilter$VirtualFilterChain.doFilter(CompositeFilter.java:108) ~[spring-web-6.2.11.jar:6.2.11]
	at org.springframework.web.filter.CompositeFilter$VirtualFilterChain.doFilter(CompositeFilter.java:108) ~[spring-web-6.2.11.jar:6.2.11]
	at org.springframework.security.web.FilterChainProxy.lambda$doFilterInternal$3(FilterChainProxy.java:231) ~[spring-security-web-6.5.5.jar:6.5.5]
	at org.springframework.security.web.FilterChainProxy$VirtualFilterChain.doFilter(FilterChainProxy.java:365) ~[spring-security-web-6.5.5.jar:6.5.5]
	at org.springframework.security.web.access.intercept.AuthorizationFilter.doFilter(AuthorizationFilter.java:101) ~[spring-security-web-6.5.5.jar:6.5.5]
	at org.springframework.security.web.FilterChainProxy$VirtualFilterChain.doFilter(FilterChainProxy.java:374) ~[spring-security-web-6.5.5.jar:6.5.5]
	at org.springframework.security.web.access.ExceptionTranslationFilter.doFilter(ExceptionTranslationFilter.java:125) ~[spring-security-web-6.5.5.jar:6.5.5]
	at org.springframework.security.web.access.ExceptionTranslationFilter.doFilter(ExceptionTranslationFilter.java:119) ~[spring-security-web-6.5.5.jar:6.5.5]
	at org.springframework.security.web.FilterChainProxy$VirtualFilterChain.doFilter(FilterChainProxy.java:374) ~[spring-security-web-6.5.5.jar:6.5.5]
	at org.springframework.security.web.authentication.AnonymousAuthenticationFilter.doFilter(AnonymousAuthenticationFilter.java:100) ~[spring-security-web-6.5.5.jar:6.5.5]
	at org.springframework.security.web.FilterChainProxy$VirtualFilterChain.doFilter(FilterChainProxy.java:374) ~[spring-security-web-6.5.5.jar:6.5.5]
	at org.springframework.security.web.servletapi.SecurityContextHolderAwareRequestFilter.doFilter(SecurityContextHolderAwareRequestFilter.java:179) ~[spring-security-web-6.5.5.jar:6.5.5]
	at org.springframework.security.web.FilterChainProxy$VirtualFilterChain.doFilter(FilterChainProxy.java:374) ~[spring-security-web-6.5.5.jar:6.5.5]
	at org.springframework.security.web.savedrequest.RequestCacheAwareFilter.doFilter(RequestCacheAwareFilter.java:63) ~[spring-security-web-6.5.5.jar:6.5.5]
	at org.springframework.security.web.FilterChainProxy$VirtualFilterChain.doFilter(FilterChainProxy.java:374) ~[spring-security-web-6.5.5.jar:6.5.5]
	at org.springframework.security.web.authentication.AbstractAuthenticationProcessingFilter.doFilter(AbstractAuthenticationProcessingFilter.java:235) ~[spring-security-web-6.5.5.jar:6.5.5]
	at org.springframework.security.web.authentication.AbstractAuthenticationProcessingFilter.doFilter(AbstractAuthenticationProcessingFilter.java:229) ~[spring-security-web-6.5.5.jar:6.5.5]
	at org.springframework.security.web.FilterChainProxy$VirtualFilterChain.doFilter(FilterChainProxy.java:374) ~[spring-security-web-6.5.5.jar:6.5.5]
	at org.springframework.security.web.authentication.logout.LogoutFilter.doFilter(LogoutFilter.java:107) ~[spring-security-web-6.5.5.jar:6.5.5]
	at org.springframework.security.web.authentication.logout.LogoutFilter.doFilter(LogoutFilter.java:93) ~[spring-security-web-6.5.5.jar:6.5.5]
	at org.springframework.security.web.FilterChainProxy$VirtualFilterChain.doFilter(FilterChainProxy.java:374) ~[spring-security-web-6.5.5.jar:6.5.5]
	at org.springframework.security.web.header.HeaderWriterFilter.doHeadersAfter(HeaderWriterFilter.java:90) ~[spring-security-web-6.5.5.jar:6.5.5]
	at org.springframework.security.web.header.HeaderWriterFilter.doFilterInternal(HeaderWriterFilter.java:75) ~[spring-security-web-6.5.5.jar:6.5.5]
	at org.springframework.web.filter.OncePerRequestFilter.doFilter(OncePerRequestFilter.java:116) ~[spring-web-6.2.11.jar:6.2.11]
	at org.springframework.security.web.FilterChainProxy$VirtualFilterChain.doFilter(FilterChainProxy.java:374) ~[spring-security-web-6.5.5.jar:6.5.5]
	at org.springframework.security.web.context.SecurityContextHolderFilter.doFilter(SecurityContextHolderFilter.java:82) ~[spring-security-web-6.5.5.jar:6.5.5]
	at org.springframework.security.web.context.SecurityContextHolderFilter.doFilter(SecurityContextHolderFilter.java:69) ~[spring-security-web-6.5.5.jar:6.5.5]
	at org.springframework.security.web.FilterChainProxy$VirtualFilterChain.doFilter(FilterChainProxy.java:374) ~[spring-security-web-6.5.5.jar:6.5.5]
	at org.springframework.security.web.context.request.async.WebAsyncManagerIntegrationFilter.doFilterInternal(WebAsyncManagerIntegrationFilter.java:62) ~[spring-security-web-6.5.5.jar:6.5.5]
	at org.springframework.web.filter.OncePerRequestFilter.doFilter(OncePerRequestFilter.java:116) ~[spring-web-6.2.11.jar:6.2.11]
	at org.springframework.security.web.FilterChainProxy$VirtualFilterChain.doFilter(FilterChainProxy.java:374) ~[spring-security-web-6.5.5.jar:6.5.5]
	at org.springframework.security.web.session.DisableEncodeUrlFilter.doFilterInternal(DisableEncodeUrlFilter.java:42) ~[spring-security-web-6.5.5.jar:6.5.5]
	at org.springframework.web.filter.OncePerRequestFilter.doFilter(OncePerRequestFilter.java:116) ~[spring-web-6.2.11.jar:6.2.11]
	at org.springframework.security.web.FilterChainProxy$VirtualFilterChain.doFilter(FilterChainProxy.java:374) ~[spring-security-web-6.5.5.jar:6.5.5]
	at org.springframework.security.web.FilterChainProxy.doFilterInternal(FilterChainProxy.java:233) ~[spring-security-web-6.5.5.jar:6.5.5]
	at org.springframework.security.web.FilterChainProxy.doFilter(FilterChainProxy.java:191) ~[spring-security-web-6.5.5.jar:6.5.5]
	at org.springframework.web.filter.CompositeFilter$VirtualFilterChain.doFilter(CompositeFilter.java:113) ~[spring-web-6.2.11.jar:6.2.11]
	at org.springframework.web.filter.ServletRequestPathFilter.doFilter(ServletRequestPathFilter.java:52) ~[spring-web-6.2.11.jar:6.2.11]
	at org.springframework.web.filter.CompositeFilter$VirtualFilterChain.doFilter(CompositeFilter.java:113) ~[spring-web-6.2.11.jar:6.2.11]
	at org.springframework.web.filter.CompositeFilter.doFilter(CompositeFilter.java:74) ~[spring-web-6.2.11.jar:6.2.11]
	at org.springframework.security.config.annotation.web.configuration.WebSecurityConfiguration$CompositeFilterChainProxy.doFilter(WebSecurityConfiguration.java:319) ~[spring-security-config-6.5.5.jar:6.5.5]
	at org.springframework.web.filter.CompositeFilter$VirtualFilterChain.doFilter(CompositeFilter.java:113) ~[spring-web-6.2.11.jar:6.2.11]
	at org.springframework.web.servlet.handler.HandlerMappingIntrospector.lambda$createCacheFilter$4(HandlerMappingIntrospector.java:267) ~[spring-webmvc-6.2.11.jar:6.2.11]
	at org.springframework.web.filter.CompositeFilter$VirtualFilterChain.doFilter(CompositeFilter.java:113) ~[spring-web-6.2.11.jar:6.2.11]
	at org.springframework.web.filter.CompositeFilter.doFilter(CompositeFilter.java:74) ~[spring-web-6.2.11.jar:6.2.11]
	at org.springframework.security.config.annotation.web.configuration.WebMvcSecurityConfiguration$CompositeFilterChainProxy.doFilter(WebMvcSecurityConfiguration.java:240) ~[spring-security-config-6.5.5.jar:6.5.5]
	at org.springframework.web.filter.DelegatingFilterProxy.invokeDelegate(DelegatingFilterProxy.java:362) ~[spring-web-6.2.11.jar:6.2.11]
	at org.springframework.web.filter.DelegatingFilterProxy.doFilter(DelegatingFilterProxy.java:278) ~[spring-web-6.2.11.jar:6.2.11]
	at org.apache.catalina.core.ApplicationFilterChain.internalDoFilter(ApplicationFilterChain.java:164) ~[tomcat-embed-core-10.1.46.jar:10.1.46]
	at org.apache.catalina.core.ApplicationFilterChain.doFilter(ApplicationFilterChain.java:140) ~[tomcat-embed-core-10.1.46.jar:10.1.46]
	at org.springframework.web.filter.RequestContextFilter.doFilterInternal(RequestContextFilter.java:100) ~[spring-web-6.2.11.jar:6.2.11]
	at org.springframework.web.filter.OncePerRequestFilter.doFilter(OncePerRequestFilter.java:116) ~[spring-web-6.2.11.jar:6.2.11]
	at org.apache.catalina.core.ApplicationFilterChain.internalDoFilter(ApplicationFilterChain.java:164) ~[tomcat-embed-core-10.1.46.jar:10.1.46]
	at org.apache.catalina.core.ApplicationFilterChain.doFilter(ApplicationFilterChain.java:140) ~[tomcat-embed-core-10.1.46.jar:10.1.46]
	at org.springframework.web.filter.FormContentFilter.doFilterInternal(FormContentFilter.java:93) ~[spring-web-6.2.11.jar:6.2.11]
	at org.springframework.web.filter.OncePerRequestFilter.doFilter(OncePerRequestFilter.java:116) ~[spring-web-6.2.11.jar:6.2.11]
	at org.apache.catalina.core.ApplicationFilterChain.internalDoFilter(ApplicationFilterChain.java:164) ~[tomcat-embed-core-10.1.46.jar:10.1.46]
	at org.apache.catalina.core.ApplicationFilterChain.doFilter(ApplicationFilterChain.java:140) ~[tomcat-embed-core-10.1.46.jar:10.1.46]
	at org.springframework.web.filter.CharacterEncodingFilter.doFilterInternal(CharacterEncodingFilter.java:201) ~[spring-web-6.2.11.jar:6.2.11]
	at org.springframework.web.filter.OncePerRequestFilter.doFilter(OncePerRequestFilter.java:116) ~[spring-web-6.2.11.jar:6.2.11]
	at org.apache.catalina.core.ApplicationFilterChain.internalDoFilter(ApplicationFilterChain.java:164) ~[tomcat-embed-core-10.1.46.jar:10.1.46]
	at org.apache.catalina.core.ApplicationFilterChain.doFilter(ApplicationFilterChain.java:140) ~[tomcat-embed-core-10.1.46.jar:10.1.46]
	at org.apache.catalina.core.StandardWrapperValve.invoke(StandardWrapperValve.java:167) ~[tomcat-embed-core-10.1.46.jar:10.1.46]
	at org.apache.catalina.core.StandardContextValve.invoke(StandardContextValve.java:90) ~[tomcat-embed-core-10.1.46.jar:10.1.46]
	at org.apache.catalina.authenticator.AuthenticatorBase.invoke(AuthenticatorBase.java:483) ~[tomcat-embed-core-10.1.46.jar:10.1.46]
	at org.apache.catalina.core.StandardHostValve.invoke(StandardHostValve.java:116) ~[tomcat-embed-core-10.1.46.jar:10.1.46]
	at org.apache.catalina.valves.ErrorReportValve.invoke(ErrorReportValve.java:93) ~[tomcat-embed-core-10.1.46.jar:10.1.46]
	at org.apache.catalina.core.StandardEngineValve.invoke(StandardEngineValve.java:74) ~[tomcat-embed-core-10.1.46.jar:10.1.46]
	at org.apache.catalina.connector.CoyoteAdapter.service(CoyoteAdapter.java:344) ~[tomcat-embed-core-10.1.46.jar:10.1.46]
	at org.apache.coyote.http11.Http11Processor.service(Http11Processor.java:398) ~[tomcat-embed-core-10.1.46.jar:10.1.46]
	at org.apache.coyote.AbstractProcessorLight.process(AbstractProcessorLight.java:63) ~[tomcat-embed-core-10.1.46.jar:10.1.46]
	at org.apache.coyote.AbstractProtocol$ConnectionHandler.process(AbstractProtocol.java:903) ~[tomcat-embed-core-10.1.46.jar:10.1.46]
	at org.apache.tomcat.util.net.NioEndpoint$SocketProcessor.doRun(NioEndpoint.java:1776) ~[tomcat-embed-core-10.1.46.jar:10.1.46]
	at org.apache.tomcat.util.net.SocketProcessorBase.run(SocketProcessorBase.java:52) ~[tomcat-embed-core-10.1.46.jar:10.1.46]
	at java.base/java.lang.VirtualThread.run(VirtualThread.java:456) ~[na:na]

2025-12-18T17:27:58.848-05:00  INFO 32512 --- [JPA-Demo] [File Watcher] rtingClassPathChangeChangedEventListener : Restarting due to 1 class path change (0 additions, 0 deletions, 1 modification)
2025-12-18T17:27:58.854-05:00  INFO 32512 --- [JPA-Demo] [Thread-5] o.s.b.w.e.tomcat.GracefulShutdown        : Commencing graceful shutdown. Waiting for active requests to complete
2025-12-18T17:27:58.870-05:00  INFO 32512 --- [JPA-Demo] [tomcat-shutdown] o.s.b.w.e.tomcat.GracefulShutdown        : Graceful shutdown complete
2025-12-18T17:27:58.876-05:00  INFO 32512 --- [JPA-Demo] [Thread-5] j.LocalContainerEntityManagerFactoryBean : Closing JPA EntityManagerFactory for persistence unit 'default'
2025-12-18T17:27:58.880-05:00  INFO 32512 --- [JPA-Demo] [Thread-5] com.zaxxer.hikari.HikariDataSource       : HikariPool-1 - Shutdown initiated...
2025-12-18T17:27:58.894-05:00  INFO 32512 --- [JPA-Demo] [Thread-5] com.zaxxer.hikari.HikariDataSource       : HikariPool-1 - Shutdown completed.
2025-12-18T17:27:59.044-05:00  INFO 32512 --- [JPA-Demo] [restartedMain] org.example.jpademo.JpaDemoApplication   : Starting JpaDemoApplication using Java 25 with PID 32512 (C:\Users\murta\Dropbox\PC\Downloads\College Course Books & Materials\Java\JPA-Demo\target\classes started by murta in C:\Users\murta\Dropbox\PC\Downloads\College Course Books & Materials\Java\JPA-Demo)
2025-12-18T17:27:59.044-05:00  INFO 32512 --- [JPA-Demo] [restartedMain] org.example.jpademo.JpaDemoApplication   : No active profile set, falling back to 1 default profile: "default"
2025-12-18T17:27:59.508-05:00  INFO 32512 --- [JPA-Demo] [restartedMain] .s.d.r.c.RepositoryConfigurationDelegate : Bootstrapping Spring Data JPA repositories in DEFAULT mode.
2025-12-18T17:27:59.523-05:00  INFO 32512 --- [JPA-Demo] [restartedMain] .s.d.r.c.RepositoryConfigurationDelegate : Finished Spring Data repository scanning in 13 ms. Found 2 JPA repository interfaces.
2025-12-18T17:27:59.623-05:00  INFO 32512 --- [JPA-Demo] [restartedMain] o.s.b.w.embedded.tomcat.TomcatWebServer  : Tomcat initialized with port 8080 (http)
2025-12-18T17:27:59.624-05:00  INFO 32512 --- [JPA-Demo] [restartedMain] o.apache.catalina.core.StandardService   : Starting service [Tomcat]
2025-12-18T17:27:59.624-05:00  INFO 32512 --- [JPA-Demo] [restartedMain] o.apache.catalina.core.StandardEngine    : Starting Servlet engine: [Apache Tomcat/10.1.46]
2025-12-18T17:27:59.650-05:00  INFO 32512 --- [JPA-Demo] [restartedMain] o.a.c.c.C.[Tomcat].[localhost].[/]       : Initializing Spring embedded WebApplicationContext
2025-12-18T17:27:59.650-05:00  INFO 32512 --- [JPA-Demo] [restartedMain] w.s.c.ServletWebServerApplicationContext : Root WebApplicationContext: initialization completed in 603 ms
2025-12-18T17:27:59.694-05:00  INFO 32512 --- [JPA-Demo] [restartedMain] com.zaxxer.hikari.HikariDataSource       : HikariPool-2 - Starting...
2025-12-18T17:27:59.714-05:00  INFO 32512 --- [JPA-Demo] [restartedMain] com.zaxxer.hikari.pool.HikariPool        : HikariPool-2 - Added connection com.mysql.cj.jdbc.ConnectionImpl@57c72489
2025-12-18T17:27:59.714-05:00  INFO 32512 --- [JPA-Demo] [restartedMain] com.zaxxer.hikari.HikariDataSource       : HikariPool-2 - Start completed.
2025-12-18T17:27:59.810-05:00  INFO 32512 --- [JPA-Demo] [restartedMain] o.hibernate.jpa.internal.util.LogHelper  : HHH000204: Processing PersistenceUnitInfo [name: default]
2025-12-18T17:27:59.813-05:00  INFO 32512 --- [JPA-Demo] [restartedMain] o.h.c.internal.RegionFactoryInitiator    : HHH000026: Second-level cache disabled
2025-12-18T17:27:59.827-05:00  INFO 32512 --- [JPA-Demo] [restartedMain] o.s.o.j.p.SpringPersistenceUnitInfo      : No LoadTimeWeaver setup: ignoring JPA class transformer
2025-12-18T17:27:59.830-05:00  INFO 32512 --- [JPA-Demo] [restartedMain] org.hibernate.orm.connections.pooling    : HHH10001005: Database info:
	Database JDBC URL [Connecting through datasource 'HikariDataSource (HikariPool-2)']
	Database driver: undefined/unknown
	Database version: 8.0.34
	Autocommit mode: undefined/unknown
	Isolation level: undefined/unknown
	Minimum pool size: undefined/unknown
	Maximum pool size: undefined/unknown
2025-12-18T17:27:59.895-05:00  INFO 32512 --- [JPA-Demo] [restartedMain] o.h.e.t.j.p.i.JtaPlatformInitiator       : HHH000489: No JTA platform available (set 'hibernate.transaction.jta.platform' to enable JTA platform integration)
2025-12-18T17:27:59.918-05:00  INFO 32512 --- [JPA-Demo] [restartedMain] j.LocalContainerEntityManagerFactoryBean : Initialized JPA EntityManagerFactory for persistence unit 'default'
2025-12-18T17:27:59.932-05:00  INFO 32512 --- [JPA-Demo] [restartedMain] o.s.s.p.JdbcUserDetailsManager           : No authentication manager set. Reauthentication of users when changing passwords will not be performed.
2025-12-18T17:28:00.116-05:00  WARN 32512 --- [JPA-Demo] [restartedMain] JpaBaseConfiguration$JpaWebConfiguration : spring.jpa.open-in-view is enabled by default. Therefore, database queries may be performed during view rendering. Explicitly configure spring.jpa.open-in-view to disable this warning
2025-12-18T17:28:00.171-05:00  INFO 32512 --- [JPA-Demo] [restartedMain] r$InitializeUserDetailsManagerConfigurer : Global AuthenticationManager configured with UserDetailsService bean with name jdbcUserDetailsManager
2025-12-18T17:28:00.262-05:00  INFO 32512 --- [JPA-Demo] [restartedMain] o.s.b.a.h2.H2ConsoleAutoConfiguration    : H2 console available at '/h2-console'. Database available at 'jdbc:mysql://localhost:3306/pokemon'
2025-12-18T17:28:00.276-05:00  INFO 32512 --- [JPA-Demo] [restartedMain] o.s.b.d.a.OptionalLiveReloadServer       : LiveReload server is running on port 35729
2025-12-18T17:28:00.286-05:00  INFO 32512 --- [JPA-Demo] [restartedMain] o.s.b.w.embedded.tomcat.TomcatWebServer  : Tomcat started on port 8080 (http) with context path '/'
2025-12-18T17:28:00.292-05:00  INFO 32512 --- [JPA-Demo] [restartedMain] org.example.jpademo.JpaDemoApplication   : Started JpaDemoApplication in 1.312 seconds (process running for 140.17)
2025-12-18T17:28:00.294-05:00  INFO 32512 --- [JPA-Demo] [restartedMain] .ConditionEvaluationDeltaLoggingListener : Condition evaluation unchanged
2025-12-18T17:28:06.546-05:00  INFO 32512 --- [JPA-Demo] [tomcat-handler-1] o.a.c.c.C.[Tomcat].[localhost].[/]       : Initializing Spring DispatcherServlet 'dispatcherServlet'
2025-12-18T17:28:06.547-05:00  INFO 32512 --- [JPA-Demo] [tomcat-handler-1] o.s.web.servlet.DispatcherServlet        : Initializing Servlet 'dispatcherServlet'
2025-12-18T17:28:06.549-05:00  INFO 32512 --- [JPA-Demo] [tomcat-handler-1] o.s.web.servlet.DispatcherServlet        : Completed initialization in 2 ms
2025-12-18T17:28:06.562-05:00  INFO 32512 --- [JPA-Demo] [tomcat-handler-1] o.e.jpademo.controller.HomeController    : User exists: false
2025-12-18T17:28:12.947-05:00  INFO 32512 --- [JPA-Demo] [File Watcher] rtingClassPathChangeChangedEventListener : Restarting due to 1 class path change (0 additions, 0 deletions, 1 modification)
2025-12-18T17:28:12.949-05:00  INFO 32512 --- [JPA-Demo] [Thread-7] o.s.b.w.e.tomcat.GracefulShutdown        : Commencing graceful shutdown. Waiting for active requests to complete
2025-12-18T17:28:12.958-05:00  INFO 32512 --- [JPA-Demo] [tomcat-shutdown] o.s.b.w.e.tomcat.GracefulShutdown        : Graceful shutdown complete
2025-12-18T17:28:12.963-05:00  INFO 32512 --- [JPA-Demo] [Thread-7] j.LocalContainerEntityManagerFactoryBean : Closing JPA EntityManagerFactory for persistence unit 'default'
2025-12-18T17:28:12.963-05:00  INFO 32512 --- [JPA-Demo] [Thread-7] com.zaxxer.hikari.HikariDataSource       : HikariPool-2 - Shutdown initiated...
2025-12-18T17:28:12.973-05:00  INFO 32512 --- [JPA-Demo] [Thread-7] com.zaxxer.hikari.HikariDataSource       : HikariPool-2 - Shutdown completed.
2025-12-18T17:28:13.111-05:00  INFO 32512 --- [JPA-Demo] [restartedMain] org.example.jpademo.JpaDemoApplication   : Starting JpaDemoApplication using Java 25 with PID 32512 (C:\Users\murta\Dropbox\PC\Downloads\College Course Books & Materials\Java\JPA-Demo\target\classes started by murta in C:\Users\murta\Dropbox\PC\Downloads\College Course Books & Materials\Java\JPA-Demo)
2025-12-18T17:28:13.112-05:00  INFO 32512 --- [JPA-Demo] [restartedMain] org.example.jpademo.JpaDemoApplication   : No active profile set, falling back to 1 default profile: "default"
2025-12-18T17:28:13.517-05:00  INFO 32512 --- [JPA-Demo] [restartedMain] .s.d.r.c.RepositoryConfigurationDelegate : Bootstrapping Spring Data JPA repositories in DEFAULT mode.
2025-12-18T17:28:13.543-05:00  INFO 32512 --- [JPA-Demo] [restartedMain] .s.d.r.c.RepositoryConfigurationDelegate : Finished Spring Data repository scanning in 22 ms. Found 2 JPA repository interfaces.
2025-12-18T17:28:13.722-05:00  INFO 32512 --- [JPA-Demo] [restartedMain] o.s.b.w.embedded.tomcat.TomcatWebServer  : Tomcat initialized with port 8080 (http)
2025-12-18T17:28:13.722-05:00  INFO 32512 --- [JPA-Demo] [restartedMain] o.apache.catalina.core.StandardService   : Starting service [Tomcat]
2025-12-18T17:28:13.723-05:00  INFO 32512 --- [JPA-Demo] [restartedMain] o.apache.catalina.core.StandardEngine    : Starting Servlet engine: [Apache Tomcat/10.1.46]
2025-12-18T17:28:13.778-05:00  INFO 32512 --- [JPA-Demo] [restartedMain] o.a.c.c.C.[Tomcat].[localhost].[/]       : Initializing Spring embedded WebApplicationContext
2025-12-18T17:28:13.779-05:00  INFO 32512 --- [JPA-Demo] [restartedMain] w.s.c.ServletWebServerApplicationContext : Root WebApplicationContext: initialization completed in 664 ms
2025-12-18T17:28:13.834-05:00  INFO 32512 --- [JPA-Demo] [restartedMain] com.zaxxer.hikari.HikariDataSource       : HikariPool-3 - Starting...
2025-12-18T17:28:13.859-05:00  INFO 32512 --- [JPA-Demo] [restartedMain] com.zaxxer.hikari.pool.HikariPool        : HikariPool-3 - Added connection com.mysql.cj.jdbc.ConnectionImpl@5a933da3
2025-12-18T17:28:13.860-05:00  INFO 32512 --- [JPA-Demo] [restartedMain] com.zaxxer.hikari.HikariDataSource       : HikariPool-3 - Start completed.
2025-12-18T17:28:13.888-05:00  INFO 32512 --- [JPA-Demo] [restartedMain] o.hibernate.jpa.internal.util.LogHelper  : HHH000204: Processing PersistenceUnitInfo [name: default]
2025-12-18T17:28:13.892-05:00  INFO 32512 --- [JPA-Demo] [restartedMain] o.h.c.internal.RegionFactoryInitiator    : HHH000026: Second-level cache disabled
2025-12-18T17:28:13.904-05:00  INFO 32512 --- [JPA-Demo] [restartedMain] o.s.o.j.p.SpringPersistenceUnitInfo      : No LoadTimeWeaver setup: ignoring JPA class transformer
2025-12-18T17:28:13.908-05:00  INFO 32512 --- [JPA-Demo] [restartedMain] org.hibernate.orm.connections.pooling    : HHH10001005: Database info:
	Database JDBC URL [Connecting through datasource 'HikariDataSource (HikariPool-3)']
	Database driver: undefined/unknown
	Database version: 8.0.34
	Autocommit mode: undefined/unknown
	Isolation level: undefined/unknown
	Minimum pool size: undefined/unknown
	Maximum pool size: undefined/unknown
2025-12-18T17:28:14.013-05:00  INFO 32512 --- [JPA-Demo] [restartedMain] o.h.e.t.j.p.i.JtaPlatformInitiator       : HHH000489: No JTA platform available (set 'hibernate.transaction.jta.platform' to enable JTA platform integration)
2025-12-18T17:28:14.040-05:00  INFO 32512 --- [JPA-Demo] [restartedMain] j.LocalContainerEntityManagerFactoryBean : Initialized JPA EntityManagerFactory for persistence unit 'default'
2025-12-18T17:28:14.058-05:00  INFO 32512 --- [JPA-Demo] [restartedMain] o.s.s.p.JdbcUserDetailsManager           : No authentication manager set. Reauthentication of users when changing passwords will not be performed.
2025-12-18T17:28:14.250-05:00  WARN 32512 --- [JPA-Demo] [restartedMain] JpaBaseConfiguration$JpaWebConfiguration : spring.jpa.open-in-view is enabled by default. Therefore, database queries may be performed during view rendering. Explicitly configure spring.jpa.open-in-view to disable this warning
2025-12-18T17:28:14.327-05:00  INFO 32512 --- [JPA-Demo] [restartedMain] r$InitializeUserDetailsManagerConfigurer : Global AuthenticationManager configured with UserDetailsService bean with name jdbcUserDetailsManager
2025-12-18T17:28:14.513-05:00  INFO 32512 --- [JPA-Demo] [restartedMain] o.s.b.a.h2.H2ConsoleAutoConfiguration    : H2 console available at '/h2-console'. Database available at 'jdbc:mysql://localhost:3306/pokemon'
2025-12-18T17:28:14.534-05:00  INFO 32512 --- [JPA-Demo] [restartedMain] o.s.b.d.a.OptionalLiveReloadServer       : LiveReload server is running on port 35729
2025-12-18T17:28:14.558-05:00  INFO 32512 --- [JPA-Demo] [restartedMain] o.s.b.w.embedded.tomcat.TomcatWebServer  : Tomcat started on port 8080 (http) with context path '/'
2025-12-18T17:28:14.564-05:00  INFO 32512 --- [JPA-Demo] [restartedMain] org.example.jpademo.JpaDemoApplication   : Started JpaDemoApplication in 1.512 seconds (process running for 154.443)
2025-12-18T17:28:14.566-05:00  INFO 32512 --- [JPA-Demo] [restartedMain] .ConditionEvaluationDeltaLoggingListener : Condition evaluation unchanged
